Date/Time,ISS Latitude,ISS Longitude,MI_X (µT),MI_Y (µT),MI_Z (µT),Tot_MI,Temperature (°C)
57:09.5,-47.21223464,76.43775349,4.624717236,8.101722717,7.20023489,11.05015885,30.7821
57:20.0,-47.49625439,77.35090197,8.608017921,14.28691673,12.64712906,19.30476317,30.8182
57:30.5,-47.74743119,78.18996339,11.5231638,19.48041916,17.29989433,26.27348927,30.8182
57:41.0,-47.99179486,79.03744643,13.99498749,23.58929253,20.64241982,31.56832598,30.8182
57:51.5,-48.2525749,79.97930903,15.95375633,26.98849487,23.5975647,36.07184042,30.8362
58:02.0,-48.48222635,80.84418856,17.58759689,29.73533058,25.87639809,39.64045231,30.8002
58:12.5,-48.72652856,81.8049298,18.98649979,32.07818222,27.63717842,42.56536039,30.728
58:23.0,-48.9409282,82.68671405,20.21179581,33.95130157,28.92386055,44.827362,30.9083
58:33.4,-49.16816517,83.66570556,21.34673882,35.42527008,29.86913872,46.56674722,30.7461
58:43.9,-49.36679391,84.56373883,22.13114357,36.6573143,30.51130676,47.92525092,30.728
58:54.4,-49.57639875,85.56020196,22.73449707,37.62601852,31.14522934,49.0762374,30.8362
59:04.9,-49.75874773,86.47371244,23.22471428,38.51411438,31.48141098,49.97640401,30.6559
59:15.3,-49.95017744,87.48671146,23.91572762,39.17573929,31.56750488,50.54860672,30.8362
59:25.8,-50.11576854,88.41477024,23.64263916,39.87955856,31.92613983,51.3156919,30.6379
59:36.3,-50.28850744,89.44321231,24.25898552,40.34109497,31.96472168,51.70499358,30.8002
59:46.7,-50.43687964,90.38476072,24.56762505,40.69695282,31.72161865,51.83696252,30.71
59:57.2,-50.59044279,91.42739593,25.02031517,40.94459152,31.60643768,51.96582332,30.7461
00:07.7,-50.72117944,92.38123185,25.59353447,41.33708954,31.44622993,52.18442184,30.71
00:18.2,-50.85512969,93.43666,25.8920517,41.7370491,31.60538101,52.60012765,30.692
00:28.7,-50.9678483,94.40143788,26.18084717,41.92809677,31.27751541,52.55881578,30.5838
00:39.1,-51.0817861,95.46812218,26.33455467,42.20614624,30.98065186,52.60697791,30.7461
00:49.6,-51.17614858,96.44238719,26.50346947,42.53399658,31.06175232,52.91953129,30.5117
01:00.1,-51.26972559,97.51865425,26.80212212,42.82857513,30.85082626,53.0364257,30.6198
01:10.6,-51.34544507,98.50083545,26.86250114,42.98872375,30.4291153,52.92281104,30.728
01:21.1,-51.41837783,99.58490259,27.03253555,43.25087738,29.91521263,52.84497021,30.6198
01:31.5,-51.47521525,100.5733266,27.25576019,43.52223587,29.21193504,52.67616087,30.692
01:42.0,-51.52727153,101.6633155,27.49300575,43.71005249,28.72585297,52.5664943,30.6379
01:52.5,-51.56504589,102.6562406,27.63524055,43.87172318,28.51142502,52.58578412,30.5658
02:03.0,-51.59369854,103.650682,27.72824287,43.99021149,28.30150414,52.57225586,30.5297
02:13.5,-51.61465697,104.745814,27.8227005,43.93841171,28.06182671,52.40107673,30.5477
02:23.9,-51.62409288,105.7420791,28.48246002,44.12585449,27.65315056,52.34759049,30.5477
02:34.4,-51.62388456,106.8382083,28.38716125,44.27405167,27.17849541,52.22307368,30.5658
02:44.9,-51.61406958,107.8344529,28.34641647,44.46590424,26.62134171,52.09854979,30.5477
02:55.3,-51.59269791,108.9295508,28.29658318,44.43315125,26.34104156,51.9273722,30.4756
03:05.8,-51.56366961,109.9239307,28.44948387,44.52304077,25.94174767,51.80468044,30.6018
03:16.3,-51.52120291,111.0159618,28.54171181,44.68611526,25.44328499,51.69865917,30.4936
03:26.7,-51.47305008,112.0066603,28.49849319,44.88235474,24.3741188,51.35194181,30.6198
03:37.2,-51.40962494,113.0936576,28.0544281,45.05490494,24.05103302,51.34638328,30.4395
03:47.7,-51.34250126,114.0788919,28.14425278,45.12977219,23.90554047,51.34506262,30.5117
03:58.1,-51.25831576,115.1589428,28.3043499,44.98114777,23.38120842,50.97341377,30.4576
04:08.6,-51.17243637,116.1370123,28.37461662,45.16191483,22.91422844,50.92185221,30.4576
04:19.1,-51.06775348,117.2082591,28.36706734,45.1947403,22.54240608,50.78475844,30.4395
04:29.6,-50.96338136,118.1775449,28.28905487,45.28964615,22.25229836,50.74057435,30.4576
04:40.1,-50.8385255,119.2383006,28.43015289,45.20477295,22.03716278,50.57210885,30.4936
04:50.5,-50.71597142,120.1972865,28.47600174,45.12709427,21.69911957,50.35655299,30.4756
05:01.0,-50.57131484,121.2459255,28.42335701,45.08930588,21.2631321,50.1357123,30.4035
05:11.6,-50.43094762,122.1932181,28.61531258,45.11212158,20.88509178,49.99905884,30.4215
05:22.0,-50.26691039,123.2282923,28.58289337,45.11602402,20.62866783,49.89569574,30.3494
05:32.5,-50.10913302,124.1626211,28.58922958,45.19768143,20.38967705,49.87142033,30.3314
05:43.0,-49.94321406,125.0903931,28.6414299,45.0651741,20.16817093,49.66151896,30.4756
05:53.4,-49.75142918,126.1030506,28.6001606,45.07390976,19.72631836,49.49126325,30.3855
06:03.9,-49.5687626,127.0162469,28.59962463,45.09656143,19.62024498,49.46972297,30.4035
06:14.4,-49.35881283,128.012348,28.55485535,45.04822922,19.36614227,49.32489511,30.3674
06:24.9,-49.15987674,128.9100398,28.45816422,44.86503601,18.80584908,48.93863075,30.3494
06:35.3,-48.93231191,129.8886556,28.32716179,45.01226044,18.3728199,48.90798772,30.3494
06:45.8,-48.71761516,130.7700915,28.20928764,44.99516296,17.96730995,48.74010879,30.3855
06:56.3,-48.47299535,131.7304298,28.15485954,44.95291519,17.58231163,48.55983037,30.3314
07:06.8,-48.24306045,132.5949541,27.86397171,44.89416122,17.39347076,48.43431128,30.3133
07:17.3,-47.98197647,133.5364137,27.60019684,44.70743561,17.0132885,48.12283222,30.3133
07:27.7,-47.737343,134.3835211,27.3363018,44.53159332,16.40540504,47.74449099,30.2412
07:38.2,-47.46038224,135.3056103,27.30481148,44.48273849,16.36036682,47.6831253,30.2953
07:48.7,-47.2015932,136.1349319,27.29003334,44.4393425,15.85168839,47.47021403,30.2953
07:59.1,-46.90936356,137.0372955,27.19403648,44.38290787,15.57225418,47.32369013,30.3494
08:09.7,-46.63696537,137.848599,26.99735641,44.32333374,15.11219025,47.11617094,30.2773
08:20.1,-46.33007131,138.7310322,27.14925385,44.20323181,14.84818077,46.92060772,30.3494
08:30.6,-46.0446138,139.5241537,26.77880478,44.17617798,14.67152596,46.8355333,30.4215
08:41.0,-45.72365638,140.3865744,26.36369705,43.9490242,14.12084103,46.44651307,30.2592
08:51.5,-45.42568596,141.161473,26.06511116,43.77666855,14.13401604,46.28425466,30.3133
09:02.0,-45.09125941,142.0038812,25.91878891,43.4913826,13.99646854,45.97086339,30.3494
09:12.6,-44.78131567,142.7606252,25.75242996,43.30335999,13.87244034,45.75344814,30.3674
09:23.0,-44.4340108,143.5831166,25.56780434,43.03551865,13.71791458,45.45112595,30.2232
09:33.5,-44.11262308,144.3218425,25.54104996,42.85995102,13.26857567,45.1505432,30.2232
09:44.0,-43.75301703,145.124622,25.1473217,42.6568718,13.04010773,44.88652852,30.2953
09:54.5,-43.42070442,145.8455348,24.76382065,42.47879028,12.76321125,44.63307077,30.2953
10:05.0,-43.0493607,146.6288619,24.44705963,42.12278366,12.39308643,44.18556953,30.2592
10:15.5,-42.70662863,147.3322484,24.22668457,41.76978302,12.12637424,43.77202772,30.2953
10:26.0,-42.35910861,148.0273841,23.89666367,41.5620842,12.16732502,43.58150186,30.1871
10:36.4,-41.97143732,148.7826254,24.16063881,41.48497391,11.90709114,43.43895163,30.3314
10:47.0,-41.61421842,149.4607266,23.59802818,41.64831161,11.81393147,43.5631595,30.2232
10:57.4,-41.21614134,150.1974308,23.4667263,41.24468994,11.71612263,43.14926076,30.2773
11:08.0,-40.84969827,150.8588936,23.89042664,40.82457733,11.43515587,42.67668369,30.4035
11:18.4,-40.44172083,151.5775115,23.41633224,40.59610748,11.2070446,42.39172235,30.2412
11:28.9,-40.06650097,152.2227458,23.11556816,40.53597641,11.08821774,42.29928515,30.2953
11:39.4,-39.64911494,152.9237691,22.66909599,40.16991043,10.90601063,41.89548744,30.115
11:49.9,-39.26555543,153.5532393,22.17955017,39.86822891,10.59275818,41.51941417,30.1691
12:00.4,-38.83922868,154.2371872,21.70269012,39.65021133,10.48748589,41.27746733,30.2052
12:10.9,-38.44775297,154.8513578,21.29069519,39.39749146,10.35634708,40.9964261,30.2232
12:21.4,-38.01293971,155.5187492,21.48514175,39.10956955,10.00692272,40.63473975,30.1871
12:31.9,-37.61394738,156.1181256,21.11788368,38.7351532,9.571927071,40.16406061,30.2232
12:42.4,-37.17108133,156.7695071,20.65107155,38.59489059,9.556150436,40.01920367,30.115
12:52.9,-36.76495828,157.3545811,20.31705284,38.44840622,9.506887436,39.86198568,30.2232
13:03.4,-36.31445267,157.9905264,20.66128159,38.26682663,9.197047234,39.61813953,30.2232
13:13.9,-35.90157115,158.5618171,20.14442635,38.05368042,9.107398033,39.3849174,30.1871
13:24.4,-35.44382553,159.1828588,19.57919502,37.80719757,8.803050041,39.06989984,30.2773
13:34.8,-35.02453388,159.7408716,19.16029358,37.57495117,8.804134369,38.84005704,30.1871
13:45.3,-34.55993075,160.347611,18.66896248,37.31826019,8.772790909,38.57827584,30.133
13:55.8,-34.13456706,160.892865,18.34881592,37.05567551,8.689477921,38.30116094,30.133
14:06.3,-33.663465,161.4858347,17.84781265,36.74190521,8.682377815,37.98946033,30.1511
14:16.8,-33.23235712,162.0188353,17.58102036,36.53458786,8.497189522,37.74333531,30.1691
14:27.3,-32.75510107,162.5986091,17.84155846,36.1924324,8.461735725,37.40768228,30.2232
14:37.7,-32.31855294,163.1198755,17.31410027,35.79457855,8.294512749,36.97789739,30.115
14:48.2,-31.83547757,163.6870134,16.84194374,35.69067764,8.319636345,36.87658828,30.1511
14:58.7,-31.3937829,164.1970373,16.30953407,35.34563065,8.11673069,36.48978565,30.0789
15:09.4,-30.90520239,164.7520721,15.84704113,35.13733673,8.086561203,36.27494929,30.097
15:19.9,-30.45863779,165.2513453,15.40359688,34.92777252,7.714343071,35.98421847,30.097
15:30.4,-29.96485268,165.7948371,15.02046013,34.45054626,7.427144527,35.45452121,30.1871
15:40.9,-29.51369137,166.2838377,14.53849602,33.98079681,7.309176922,34.9665142,30.1691
15:51.3,-29.01498852,166.8162919,14.05074787,33.58895111,7.414452553,34.60119205,30.1691
16:01.9,-28.5594815,167.2955116,13.46599197,33.40276337,7.344087124,34.39689242,30.115
16:12.4,-28.05613583,167.817461,12.88442612,33.08613968,7.371566772,34.08690455,30.1511
16:22.9,-27.59652557,168.2873644,12.34504795,33.07627869,7.382454872,34.0717757,30.2052
16:33.4,-27.08879663,168.7993007,11.90462017,32.96072769,7.621938705,34.00600153,30.115
16:43.8,-26.62531877,169.2603248,11.4692812,32.53845215,7.34695816,33.52906118,30.2773
16:54.4,-26.11345586,169.7627672,10.9947958,32.36532593,7.308640957,33.34554469,30.133
17:05.1,-25.5995251,170.2604148,10.38597965,32.10663605,7.13092947,33.0465159,30.115
17:15.6,-25.13057456,170.7087621,9.92141819,31.84298325,6.994423866,32.75391527,30.1511
17:26.1,-24.61286842,171.197626,9.545666695,31.53066063,6.891610622,32.42256195,30.1871
17:36.6,-24.14058987,171.6382142,9.189700127,31.291996,7.091612816,32.22839875,30.2052
17:47.1,-23.61933373,172.118759,8.767113686,30.75913239,7.306568146,31.75338213,30.2232
17:57.5,-23.14392183,172.5519979,8.48171711,30.47942352,7.213779926,31.45656682,30.1511
18:08.1,-22.61932915,173.0246743,7.950597286,30.21520233,7.065624237,31.15817862,30.1511
18:18.6,-22.14097686,173.4509601,7.395893097,29.93243027,6.953178883,30.84952141,30.1511
18:29.0,-21.61324912,173.9162053,6.904340744,29.61108017,6.870557785,30.51106314,30.1691
18:39.5,-21.13213913,174.335934,6.37643671,29.11743546,7.391244888,30.14684039,30.0248
18:50.0,-20.6497758,174.7526712,5.862013817,28.83765221,7.45962286,29.88508276,30.2052
19:00.5,-20.11777749,175.2077394,5.460473061,28.67567253,7.513908863,29.73572758,30.133
19:11.2,-19.58436021,175.6594061,5.084505081,28.58073044,7.546474934,29.64611174,30.0248
19:21.8,-19.09824882,176.0671548,4.600586891,28.30443192,7.613082409,29.38878148,30.1871
19:32.2,-18.56226338,176.512647,4.260333061,27.97023964,7.590939999,29.05541272,30.1871
19:42.7,-18.07389461,176.9149588,3.94251442,27.6249733,7.469826221,28.68588447,30.133
19:53.3,-17.53551349,177.3546591,3.440454245,27.36892128,7.482989788,28.4340191,30.2052
20:03.9,-17.04504272,177.7519029,2.854680061,26.98620033,7.563926697,28.07708453,30.097
20:14.4,-16.50443325,178.1862073,2.199820042,26.69309998,7.916800022,27.88184228,30.133
20:24.9,-16.01201247,178.5787109,1.711747527,26.35689545,8.123878479,27.6115028,30.1511
20:35.4,-15.46933687,179.008002,1.244021893,25.94285965,8.184062004,27.22599603,30.115
20:45.8,-14.9751095,179.396107,0.738998771,25.60222435,8.244094849,26.91055537,30.1691
20:56.3,-14.43052486,179.8207399,0.255562663,25.40948105,8.383322716,26.7614908,29.9888
21:06.9,-13.93463007,-179.7952223,-0.30219847,25.33088112,8.543088913,26.72705947,30.1511
21:17.3,-13.3882858,-179.3748788,-0.832651973,24.97598457,8.733485222,26.44316391,30.0429
21:27.8,-12.89085935,-178.9945875,-1.338181734,24.57551003,8.690616608,26.04120443,30.0248
21:38.3,-12.342904,-178.5781919,-1.814452887,24.17131805,8.75983429,25.67436193,30.0609
21:48.8,-11.84407821,-178.2013157,-2.456987381,23.86792374,9.054140091,25.47936908,30.115
21:59.3,-11.29465353,-177.7885264,-2.833861351,23.38129997,9.15875721,25.05462354,30.097
22:09.8,-10.79455647,-177.4147784,-3.356105089,23.18680954,9.243713379,24.89414125,30.0068
22:20.3,-10.2438016,-177.0052403,-3.865877867,22.89146233,9.376941681,24.65928233,30.1511
22:30.8,-9.742557073,-176.6342927,-4.37660408,22.70194244,9.425844193,24.4917971,30.0609
22:41.3,-9.190608632,-176.2276915,-4.960195541,22.3276577,9.397768974,24.12223382,30.1871
22:51.7,-8.688339572,-175.8592711,-5.391444206,21.95393944,9.539212227,23.82394977,30.0609
23:02.3,-8.135329037,-175.4552654,-5.883553505,21.61756897,9.67965126,23.56122627,30.133
23:12.8,-7.632154978,-175.089058,-6.317189693,21.31491089,9.897642136,23.36603425,30.0789
23:23.2,-7.078212976,-174.6873336,-6.681598663,21.03411865,9.902109146,23.10420556,29.9888
23:33.7,-6.574249602,-174.323066,-7.281412125,20.63279343,10.17317772,22.84566255,30.0789
23:44.2,-6.019504199,-173.9233086,-7.839474201,20.44812584,10.38833618,22.76409244,30.0248
23:54.7,-5.514867625,-173.5606802,-8.213205338,20.06806755,10.62836552,22.52723426,30.115
24:05.2,-4.959444326,-173.1625758,-8.678527832,19.70390511,10.99468327,22.37070425,30.1511
24:15.6,-4.454247676,-172.8012998,-9.257084846,19.3091526,11.07732964,22.05206388,30.0429
24:26.1,-3.898270278,-172.4045341,-9.889839172,19.05701447,11.39815903,21.98176495,30.097
24:36.6,-3.392626037,-172.0443373,-9.740057945,18.90744019,11.75979137,22.04640401,29.9888
24:47.1,-2.83621727,-171.6486098,-10.47676086,18.55799103,12.01788521,21.87125591,30.0789
24:57.5,-2.330236429,-171.2892189,-10.89993477,18.1239357,12.20025349,21.59683531,30.0248
25:08.1,-1.773518062,-170.8942017,-11.52490711,17.70776558,12.28989315,21.28571184,30.0429
25:18.5,-1.267310865,-170.5353299,-11.98705673,17.44687271,12.5758276,21.22634567,30.0609
25:29.0,-0.761034512,-170.176622,-12.57536888,17.28076744,12.80926228,21.21619086,30.097
25:39.5,-0.204080156,-169.782124,-13.1460762,17.02071953,12.67569065,20.91009207,30.0789
25:49.9,0.302260977,-169.4235117,-13.68434715,16.72195816,13.12707615,20.93465227,30.097
26:00.4,0.859225845,-169.029,-14.09363461,16.3704052,13.33557701,20.77821325,30.115
26:10.9,1.365521621,-168.6702238,-14.39618206,16.07152367,13.62148762,20.72299727,29.9888
26:21.4,1.922376592,-168.2753842,-14.92571068,15.70123768,13.88388348,20.60013044,30.1511
26:31.9,2.428517515,-167.9161709,-15.44876385,15.36672783,14.182827,20.53874733,30.0789
26:42.3,2.985141647,-167.5206893,-15.82920837,15.2171402,14.34900761,20.53353761,30.133
26:52.8,3.491017687,-167.1607657,-16.15578651,15.04125881,14.53943253,20.52994833,30.097
27:03.3,4.047289211,-166.7643415,-16.57849121,14.82899094,14.89888477,20.6227362,30.0248
27:13.8,4.552789377,-166.4034206,-16.87352753,14.59149551,15.00331497,20.52163916,30.133
27:24.3,5.108586202,-166.0057397,-17.14190292,14.19306946,15.21082497,20.38799926,30.0248
27:34.8,5.613598436,-165.6435484,-17.72445488,14.00915146,15.42040157,20.40393723,30.0609
27:45.2,6.168796766,-165.2443239,-18.24354744,13.97515965,15.69651699,20.57771089,29.9888
27:55.7,6.673207944,-164.8805617,-18.52888107,13.68131924,15.88249683,20.51592846,29.9888
28:06.2,7.227682274,-164.4794656,-18.86724854,13.37426949,16.13260841,20.50036317,30.0248
28:16.7,7.731377136,-164.1138593,-19.28525734,12.9839077,16.44105721,20.48426137,30.0609
28:27.2,8.28500068,-163.7105776,-19.60108566,12.84673309,16.46857834,20.41204394,29.9888
28:37.7,8.787863113,-163.3428402,-19.80072784,12.66260052,16.60627365,20.40365282,30.097
28:48.2,9.340504817,-162.937045,-20.25490189,12.58009624,17.18618202,20.81751119,29.9527
28:58.7,9.842416146,-162.5668897,-20.68188858,12.29015064,17.47281647,20.87259518,29.9888
29:09.2,10.39394538,-162.1582532,-20.9268074,12.15902042,17.4485054,20.76933583,30.0609
29:19.7,10.89478352,-161.7853658,-20.67732239,11.76509857,17.67729378,20.74191258,30.0609
29:30.2,11.44506454,-161.3735737,-21.23418999,11.62970066,17.96016121,20.89457198,29.9167
29:40.6,11.94470568,-160.9976674,-21.64738846,11.4813261,18.23072243,21.03646122,30.097
29:51.1,12.49360018,-160.5823646,-22.04203796,11.27338505,18.4488678,21.10468895,30.0429
30:01.6,12.99191712,-160.2031252,-22.40779495,10.9099617,18.80152512,21.21595664,29.8986
30:12.2,13.5392825,-159.7839838,-22.73718643,10.71030521,18.96158028,21.2488818,29.9347
30:22.7,14.03614376,-159.4010834,-23.34596062,10.35200119,19.31913376,21.37865518,30.0429
30:33.2,14.58183575,-158.9777483,-23.60331535,10.23643208,19.69824219,21.66107042,29.9888
30:43.6,15.07710642,-158.5908727,-24.03514481,10.05653286,20.18021584,22.00772182,29.8986
30:54.1,15.62097219,-158.1630023,-24.31625366,9.861485481,20.39709091,22.11275559,30.0248
31:04.6,16.11451312,-157.7718237,-24.45966721,9.462175369,20.49481201,22.02522224,29.9527
31:15.1,16.65639984,-157.3390219,-24.93711662,9.434776306,20.77441978,22.26329726,30.0248
31:25.5,17.14806759,-156.9432125,-25.21995926,9.247797966,21.05923462,22.44533739,30.097
31:36.0,17.63879278,-156.5450671,-25.55104065,8.85185051,21.26326752,22.47066448,29.9347
31:46.5,18.17745906,-156.1043287,-25.90140152,8.716506958,21.4786377,22.61433106,29.9527
31:57.0,18.66609079,-155.701047,-26.26795387,8.518480301,21.91923523,22.95102233,29.8806
32:07.5,19.20236822,-155.2544482,-26.65538216,8.06910038,22.04148674,22.89720805,29.8445
32:18.0,19.6887477,-154.8456477,-26.92827797,7.861379147,22.0871582,22.8629736,29.9527
32:28.4,20.22246039,-154.3927925,-27.14354897,7.711756706,22.22224808,22.93808955,30.0248
32:38.9,20.70642539,-153.9781181,-27.49486351,7.475387096,22.62766838,23.24646048,29.9888
32:49.4,21.23739064,-153.5185966,-27.91146088,7.356119633,22.87702942,23.44268564,29.9167
32:59.9,21.71877383,-153.0976657,-28.02549553,7.115753174,23.35918999,23.83820892,29.8806
33:10.4,22.24680039,-152.6310682,-28.37095451,6.905600071,23.42765427,23.83634499,29.8986
33:20.9,22.72542248,-152.2034983,-28.5716095,6.826653957,23.44758224,23.82898881,29.8265
33:31.4,23.25031398,-151.7293739,-28.75858498,6.53810358,23.57844543,23.87323402,29.9167
33:41.9,23.72599397,-151.2947826,-28.34799385,6.270755291,23.74564743,23.97561574,29.9527
33:52.3,24.24754209,-150.8126942,-28.78528976,6.09092617,23.7556572,23.93000921,29.9527
34:02.9,24.72008531,-150.370658,-29.09701538,5.945728779,24.01399612,24.14387469,29.9167
34:13.3,25.23807491,-149.8801548,-29.60508537,5.939470768,24.51905251,24.63445074,29.9167
34:23.8,25.70728158,-149.4302503,-30.02550125,5.760720253,24.68175888,24.74569898,29.8806
34:34.3,26.22148896,-148.9308678,-30.45520401,5.55120039,24.89193535,24.89917804,29.8986
34:44.8,26.68714906,-148.4726714,-30.83675575,5.305121899,25.09704018,25.04334219,30.0248
34:55.3,27.19733516,-147.9639316,-31.20331955,5.113820076,25.57043648,25.47145575,29.9167
35:05.8,27.65923183,-147.4970062,-31.29476357,4.969953537,25.68154716,25.55283819,30.0429
35:16.3,28.16515077,-146.9784036,-31.70839882,4.756989479,26.21181488,26.03804504,29.9347
35:26.8,28.62305177,-146.5022848,-32.05843735,4.479977608,26.58595848,26.35953244,29.9347
35:37.3,29.12444572,-145.9733276,-32.33180237,4.179383755,26.88238525,26.60447487,30.0068
35:47.8,29.5781103,-145.4875646,-32.73326874,4.100036144,26.90178299,26.60419057,30.0248
35:58.3,30.07470603,-144.9477337,-32.96328354,3.944670439,27.04415512,26.72046907,29.8085
36:08.8,30.52388317,-144.4518483,-33.03452301,3.755609751,27.52355003,27.17748863,29.9347
36:19.3,31.01540066,-143.9006111,-33.37391663,3.609366894,27.61726189,27.24640833,29.9708
36:29.8,31.459824,-143.3941116,-33.71801758,3.459291458,27.79559898,27.40153285,30.0429
36:40.3,31.94596271,-142.8309352,-34.03902054,3.362956524,27.77175713,27.35947642,29.9708
36:50.7,32.38535903,-142.3133434,-34.40393829,3.258564949,27.98240089,27.55411162,29.9888
37:01.2,32.86580819,-141.7376814,-34.77663422,2.950470448,28.25806046,27.79292396,30.0429
37:11.7,33.29988379,-141.2084784,-34.92386627,2.786281586,28.49592972,28.01530848,30.0248
37:22.2,33.77431556,-140.6197707,-35.10847855,2.509642601,28.60144615,28.09328299,29.9888
37:32.7,34.2027665,-140.0784646,-35.4628067,2.335787058,28.8876133,28.36348527,29.9888
37:43.2,34.67083936,-139.4761512,-36.25237274,2.276767731,29.29191017,28.7566914,30.0248
37:53.7,35.09334462,-138.9222092,-36.51028442,2.122943163,29.53268814,28.98579432,30.0068
38:04.2,35.55469657,-138.3057299,-36.79229355,2.017230988,29.93623161,29.38460295,30.0068
38:14.7,35.9709283,-137.7386603,-37.0971756,1.759096026,30.26435471,29.69727949,30.0068
38:25.1,36.42518369,-137.1074279,-37.37479401,1.614274144,30.78155708,30.21151012,29.9347
38:35.7,36.83478672,-136.5266979,-37.53621674,1.527433276,30.6437149,30.06383373,30.115
38:46.1,37.28155281,-135.8801658,-37.89766312,1.443115711,30.95423317,30.37020696,30.0609
38:56.6,37.68416173,-135.2852564,-38.1833725,1.404339671,31.02606583,30.43691111,29.9888
39:07.2,38.12302529,-134.622851,-38.32270813,1.372318029,30.98887444,30.39524449,29.9347
39:17.6,38.5182576,-134.0132566,-38.73909378,1.401977181,30.91783142,30.3173011,29.9708
39:28.2,38.94879174,-133.3344177,-38.99332047,1.208781719,31.38320541,30.77943168,29.9708
39:38.7,39.33624447,-132.709633,-38.6123848,1.198414326,31.58966637,30.9956583,29.9708
39:49.1,39.7579984,-132.013828,-38.93497849,0.984516025,31.93676758,31.33674228,30.0248
39:59.6,40.13726173,-131.3733748,-39.47646713,0.947381556,32.133564,31.52755937,29.9347
40:10.1,40.54976418,-130.6600708,-39.88853455,0.793032825,32.40455246,31.79300846,29.9347
40:20.6,40.92039756,-130.0034984,-40.36653519,0.784473836,32.60332108,31.98789473,29.9888
40:31.1,41.32316699,-129.27219,-40.6922226,0.517348528,32.83367157,32.21219359,29.8986
40:41.5,41.68472305,-128.5990339,-41.05305481,0.265257478,33.14586639,32.52177372,29.9167
40:52.0,42.07725061,-127.8492704,-41.28939819,0.181108847,33.41502762,32.7918812,29.9527
41:02.6,42.4292649,-127.1591208,-41.62652969,0.06497734,33.70853043,33.08538523,29.8806
41:13.1,42.81102808,-126.3904513,-41.96006393,-0.021910654,34.11814499,33.49758549,30.0429
41:23.6,43.15301223,-125.682953,-42.15980148,-0.131680936,34.39365387,33.77544914,30.0248
41:34.1,43.52347145,-124.8950223,-42.35814667,-0.303706497,34.68992996,34.07528917,30.0789
41:44.6,43.85493028,-124.1698338,-42.69740677,-0.636473358,35.09600449,34.4882186,29.8806
41:55.0,44.21352887,-123.3623006,-42.78601074,-0.882320881,35.26726151,34.66658641,29.8986
42:05.6,44.53394329,-122.619176,-43.05727005,-1.122650862,35.8782692,35.29098009,29.9167
42:16.0,44.88011094,-121.7917805,-43.27775955,-1.38235116,36.32251358,35.74854022,29.9527
42:26.5,45.18896185,-121.030515,-43.59767914,-2.027226686,36.55986404,36.01576916,29.9527
42:37.0,45.49211638,-120.2605477,-43.90441513,-2.012577295,36.7252655,36.17860111,29.8085
42:47.5,45.81885897,-119.4035366,-44.05479431,-1.86149168,36.90289307,36.34878091,29.9527
42:57.9,46.10965428,-118.6152644,-44.40525055,-1.873006463,37.19700241,36.64314248,29.8445
43:08.5,46.42250085,-117.7381042,-44.68242264,-1.943928719,37.3277626,36.77578411,29.9708
43:18.9,46.70038368,-116.9315409,-44.82697678,-1.952386975,37.85510635,37.30943467,29.9167
43:29.4,46.99872634,-116.0342862,-45.22872162,-2.095803499,38.25083542,37.71326134,29.8626
43:39.9,47.26314687,-115.2095272,-45.41000748,-2.099067926,38.31280899,37.77389855,29.9347
43:50.5,47.54637774,-114.2923489,-45.56548309,-2.108665705,38.84403992,38.31110055,29.8806
44:00.9,47.79678272,-113.4495992,-45.70204544,-2.234942913,39.40721512,38.88729263,29.9527
44:11.5,48.06429049,-112.5128046,-45.89131927,-2.103023291,39.62555695,39.09879987,29.9347
44:22.0,48.30012668,-111.6523989,-45.89781189,-2.016844273,39.91071701,39.38318399,29.9167
44:32.4,48.5513103,-110.6964183,-45.9184761,-2.004023075,40.13637543,39.61093618,29.8986
44:42.9,48.77203469,-109.8188072,-45.97635269,-2.026729822,40.23718262,39.7135008,29.9888
44:53.4,49.00629652,-108.8442144,-45.98285294,-2.130722046,40.54746246,40.0331592,29.9167
45:04.0,49.21137295,-107.9499992,-46.22383881,-2.261535168,40.89970779,40.39401936,29.9347
45:14.5,49.42813925,-106.9575249,-46.36870575,-2.198399544,41.36828995,40.8631823,29.8806
45:24.9,49.61705204,-106.0474363,-46.40523529,-2.313149929,41.96020508,41.46811109,29.8986
45:35.4,49.81575932,-105.0379685,-46.62208557,-2.379201412,42.27931976,41.79209726,29.8085
45:45.9,49.98800986,-104.1128809,-46.73517609,-2.336850166,42.4492569,41.96028007,29.8626
45:56.4,50.16812877,-103.0874509,-47.49416351,-2.468100786,42.63037491,42.14197697,30.0248
46:06.9,50.3232492,-102.1483887,-47.39569092,-2.460252523,43.05835724,42.5755714,30.0068
46:17.4,50.48427774,-101.1082055,-47.44478607,-2.486367702,43.54120636,43.0647639,29.9888
46:27.9,50.62183092,-100.156323,-46.78794479,-2.388432503,44.1449852,43.67718378,29.9527
46:38.4,50.76331146,-99.10273905,-46.9353714,-2.333042145,44.2811203,43.81010533,29.9708
46:48.9,50.88289441,-98.13934769,-46.96857834,-2.178138971,44.67485809,44.19975856,29.9888
46:59.3,51.00440348,-97.0738655,-46.89347458,-2.21894908,44.9343071,44.46484246,29.8806
47:09.8,51.10566103,-96.10037913,-47.67346954,-2.037031174,45.30622864,44.82332406,29.9167
47:20.3,51.20683662,-95.024638,-47.65370178,-2.091944456,45.44069672,44.9619778,29.9708
47:30.8,51.28945801,-94.04261389,-47.51256943,-1.918227196,45.64947128,45.16681586,29.9527
47:41.3,51.36997911,-92.95836917,-47.46134186,-1.902847648,45.97970581,45.5004707,30.0248
47:51.8,51.43370819,-91.9694534,-47.49554825,-1.979653358,46.2548027,45.78133083,29.8806
48:02.2,51.49332891,-90.87856974,-47.48972321,-1.889809728,46.59925461,46.12561314,29.9167
48:12.7,51.53796078,-89.88449718,-48.207901,-1.903971553,47.10930634,46.63372117,29.8986
48:23.2,51.57648646,-88.788928,-48.74299622,-1.712385654,47.3214798,46.83494122,29.8986
48:33.7,51.6018811,-87.79149499,-48.4056282,-1.73361218,47.47488785,46.9943056,29.9888
48:44.2,51.6191888,-86.69323472,-48.29628754,-1.585634589,47.85479355,47.37403524,29.9888
48:54.7,51.62526084,-85.6942854,-47.58250046,-1.532847643,48.20491028,47.73343164,29.8626
49:05.2,51.62129592,-84.5953831,-47.50160217,-1.223701835,48.30360413,47.82503545,29.8806
49:15.6,51.60802486,-83.59678212,-47.25447464,-1.013319969,48.53413773,48.05553941,29.9527
49:26.1,51.58280097,-82.49928683,-47.10760498,-1.024467826,48.67241287,48.19694704,29.9347
49:36.6,51.5502278,-81.50288518,-47.11938858,-0.76178515,49.03320313,48.55631717,29.9347
49:47.0,51.50382691,-80.40881865,-47.09768295,-0.602361739,49.17778397,48.70030382,30.0429
49:57.5,51.4520609,-79.41645363,-46.99549484,-0.532861292,49.43827438,48.96357238,29.9167
50:08.1,51.38462645,-78.32781027,-47.14292526,-0.378759176,49.84875488,49.37508376,29.9347
50:18.6,51.31383495,-77.34125775,-47.25482559,-0.300659031,50.18014145,49.70796884,29.8085
50:29.1,51.22558549,-76.25995684,-47.25929642,-0.262304813,50.55707169,50.08819227,29.8265
50:39.5,51.13598707,-75.28091069,-47.22744751,-0.040515903,50.85424042,50.38777592,29.8806
50:50.0,51.02719923,-74.2087759,-46.94943237,-0.008434501,51.34700012,50.88776926,29.9347
51:00.5,50.91907051,-73.23886172,-46.84736252,-0.115070537,51.35557175,50.89755032,29.9347
51:11.0,50.80223671,-72.27383112,-46.74039078,0.018443691,51.55254364,51.09720839,29.8626
51:21.5,50.66375121,-71.21832783,-46.41242599,0.21169655,51.77626419,51.32654209,29.8626
51:31.9,50.52888912,-70.26460803,-46.24404526,0.406220049,52.24124527,51.79834627,29.8445
51:42.4,50.3707839,-69.22228018,-46.09968567,0.584110796,52.65480423,52.21848244,29.8626
51:52.9,50.21828968,-68.28118257,-46.0092926,0.969925463,52.72529984,52.29616339,29.9167
52:03.4,50.04102237,-67.25341668,-45.80241394,1.253800869,52.87150192,52.45155211,29.8806
52:13.9,49.87132973,-66.32612288,-45.56509399,1.26540494,53.08623123,52.67052403,29.8085
52:24.4,49.67539551,-65.31414156,-45.37427139,1.566137075,53.76538467,53.36473651,29.9708
52:34.8,49.48896208,-64.40170342,-45.31067657,1.956128478,53.79889679,53.41195613,29.9888
52:45.3,49.27488688,-63.40657218,-44.93768311,2.353121281,53.98278809,53.61661036,29.9888
52:55.8,49.07221468,-62.50987762,-44.75780487,2.599213839,54.11779022,53.76554032,29.9347
53:06.3,48.84055515,-61.53250487,-44.44528198,2.821837187,54.21900177,53.88151479,29.9708
53:16.7,48.62215302,-60.65231206,-44.29144669,3.130709887,54.37643051,54.05835821,29.8626
53:27.2,48.37348291,-59.69344912,-43.91746521,3.294369936,54.7901268,54.48755273,29.9527
53:37.7,48.13988703,-58.83037959,-43.57360458,3.549044609,54.98814392,54.70574088,29.9347
53:48.2,47.87479714,-57.89062069,-43.32312012,3.719634771,55.04853439,54.78004839,29.8806
53:58.7,47.6265505,-57.04514572,-43.0702858,3.96877718,54.86509705,54.61556354,29.9347
54:09.1,47.34564531,-56.1249519,-42.9132576,4.043494701,55.12638855,54.88492786,30.0068
54:19.7,47.08329433,-55.29741984,-42.65155411,4.361049652,55.1671524,54.95254229,30.0068
54:30.1,46.78718514,-54.3971087,-42.60140991,4.566404819,55.29014206,55.09310712,30.0429
54:40.6,46.51128647,-53.58775177,-42.4940033,4.740502834,55.54250336,55.3619729,29.8806
54:51.1,46.20057775,-52.70751115,-42.32046509,4.918103218,55.69748688,55.53446964,30.0248
55:01.6,45.91168807,-51.91644547,-42.03894806,5.243842125,55.89847565,55.76825721,29.8986
55:12.1,45.58698771,-51.05634706,-41.76992035,5.498182774,56.05234146,55.9493081,29.9347
55:22.6,45.28565001,-50.28358971,-41.56531525,5.746249199,56.38183975,56.30600251,29.9888
55:33.0,44.94755906,-49.4436028,-41.33729935,5.966986179,56.42866516,56.37784917,30.0248
55:43.5,44.63431975,-48.68907863,-41.11802292,6.209848881,56.72822952,56.70569835,29.9347
55:54.0,44.28342903,-47.86907344,-40.78598404,6.419387817,56.77002335,56.77374487,29.9347
56:04.5,43.95882088,-47.1326322,-40.50770569,6.660499096,56.67437363,56.70836947,29.9527
56:15.0,43.59571094,-46.33239699,-40.3419342,6.888535976,56.43453979,56.49749796,29.9347
56:25.5,43.26024962,-45.61380645,-40.01367188,6.531567574,56.6227951,56.64617047,30.0609
56:36.0,42.91980225,-44.90362045,-39.7702446,6.900169849,56.71494293,56.78403694,29.9167
56:46.5,42.53968857,-44.13203447,-39.51875687,7.261541367,56.8888588,57.00485489,29.9888
56:57.0,42.18913594,-43.43925522,-39.28252792,7.53352356,56.93159103,57.08482729,29.8806
57:07.5,41.79817249,-42.68662301,-39.05944824,7.745167255,56.90524292,57.08883288,29.8265
57:18.0,41.43800296,-42.01088849,-38.70240784,8.153772354,57.0259819,57.26905105,29.9347
57:28.5,41.0367191,-41.27679,-38.45960236,8.374088287,57.15973663,57.43606223,29.9167
57:38.9,40.66740053,-40.61769382,-38.22364426,8.679355621,57.26541138,57.58849633,29.9167
57:49.4,40.2563051,-39.9016646,-37.95986938,9.029598236,57.33600235,57.71473764,29.9888
57:59.9,39.8782917,-39.25877646,-37.74791718,9.547096252,57.1913681,57.65632416,29.9167
58:10.4,39.45787306,-38.56032132,-37.55356216,10.03944683,57.13466644,57.68541445,29.8806
58:20.9,39.07159854,-37.93317335,-37.22340393,10.47601795,57.04345703,57.67564077,29.9167
58:31.4,38.6423314,-37.25176977,-36.87159348,10.86847591,57.16576385,57.87207213,29.9347
58:41.8,38.24821582,-36.63988386,-36.36451721,11.15689945,57.17499161,57.94041382,29.9708
58:52.3,37.81054755,-35.97499226,-36.24693298,11.30642986,57.45809174,58.24964145,29.8445
59:02.9,37.4089939,-35.37786298,-35.99612808,11.69466782,57.56066132,58.42943486,29.9527
59:13.4,36.9633582,-34.72893353,-35.67058563,12.04856491,57.63085556,58.57314097,29.8626
59:23.8,36.55475238,-34.14605543,-35.37149429,12.18436623,57.76137543,58.73213581,29.8445
59:34.3,36.10156591,-33.51252124,-35.10872269,12.55833149,57.61027527,58.66469793,29.8445
59:44.8,35.68627675,-32.94338207,-34.73731232,12.84354782,57.59950638,58.71901347,30.0068
59:55.3,35.22593225,-32.32467279,-34.27179718,13.24913979,57.74210358,58.95267961,30.0068
00:05.8,34.80431492,-31.76875687,-34.0357666,13.63768673,57.82310486,59.12243388,30.0429
00:16.3,34.33719486,-31.1643022,-33.88829041,13.93814945,57.79316711,59.16446471,29.9708
00:26.8,33.90958063,-30.62109043,-33.67599106,14.30163288,57.60827255,59.07261445,29.8986
00:37.3,33.43604361,-30.03032687,-33.20656967,14.54288292,57.49277496,59.02294509,30.0068
00:47.8,33.00276031,-29.49930357,-32.77038956,15.01669025,57.42805481,59.0822484,29.9888
00:58.3,32.52315468,-28.92167106,-32.44949341,15.3113203,57.46985626,59.20110991,29.9708
01:08.8,32.08450285,-28.40232567,-32.25958252,15.4913168,57.60660934,59.38217539,29.9708
01:19.3,31.59915644,-27.83726071,-31.85582542,16.03765678,57.63742447,59.5602494,29.9527
01:29.7,31.15542979,-27.32909293,-31.54809952,16.35651016,57.69268799,59.70287742,29.9708
01:40.2,30.6646602,-26.7760508,-31.14422798,16.77867699,57.63720703,59.76978675,29.8626
01:50.7,30.21614217,-26.27856544,-30.69424438,17.0187912,57.58435059,59.79048789,30.0068
02:01.2,29.72024312,-25.73700657,-30.42296028,17.34183884,57.5256691,59.82908172,29.9167
02:11.8,29.26719667,-25.24971867,-30.13228416,17.72307205,57.51557922,59.93343685,29.9347
02:22.2,28.76645843,-24.71911201,-29.81115723,18.05443382,57.67291641,60.18568527,29.9527
02:32.7,28.30913799,-24.24154519,-29.40142059,18.41899681,57.71735764,60.34195386,29.8986
02:43.2,27.80383376,-23.72137335,-28.94933701,18.75952339,57.76496506,60.49596325,29.9888
02:53.7,27.3424801,-23.25306313,-28.61441612,19.01546097,57.79173279,60.60410645,29.9347
03:04.2,26.83287114,-22.74282239,-28.17625618,19.45511627,57.59336472,60.55840943,29.9167
03:14.7,26.36771648,-22.28331117,-27.75541878,19.6815052,57.54115677,60.58540212,29.8806
03:25.1,25.8540504,-21.78250633,-27.59568024,19.83093262,57.64093781,60.73012366,29.9527
03:35.6,25.38531671,-21.33135526,-27.03410339,20.44571114,57.72756958,61.02020395,29.9167
03:46.1,24.86782914,-20.8395048,-26.6125927,20.81927109,57.89952469,61.31218814,29.8806
03:56.6,24.39572646,-20.39627846,-26.22321129,20.85316658,57.82148743,61.25321015,29.9347
04:07.1,23.87464621,-19.91291451,-25.85198593,21.27391624,57.75350571,61.33673408,29.9167
04:17.6,23.39937945,-19.47719283,-24.75704956,21.58799934,57.58889771,61.30061831,29.8986
04:28.1,22.87492337,-19.00185777,-24.4305172,21.88124466,57.39743805,61.22764282,29.9888
04:38.5,22.39668206,-18.57323266,-24.21377373,22.05988693,57.32316971,61.22393832,29.8626
04:49.1,21.86905849,-18.10548082,-23.92211914,22.40415764,57.20070648,61.23679435,29.9347
04:59.6,21.38803046,-17.68355101,-23.4940033,22.81131172,57.32228088,61.50370578,29.8445
05:10.1,20.85743917,-17.22295037,-23.22061729,23.17372131,56.81994247,61.17439501,29.8986
05:20.6,20.3738003,-16.80732824,-22.8474884,23.43266106,56.60014725,61.07224234,29.9167
05:31.1,19.84043254,-16.35345704,-22.43726349,23.84033203,56.66041946,61.288884,29.8806
05:41.6,19.35435359,-15.94376522,-22.04607391,24.19422913,56.54868698,61.32755211,29.9708
05:52.1,18.81839377,-15.49621195,-21.72049141,24.53388214,56.34222794,61.27509715,29.9888
06:02.6,18.33003866,-15.09208161,-21.31101036,24.80293846,56.33823776,61.3829926,29.9167
06:13.1,17.79166266,-14.6504467,-20.85791969,25.05592155,56.29926682,61.45363072,29.9347
06:23.7,17.30119019,-14.25151926,-20.39373779,25.5276413,56.16931152,61.53257909,30.0068
06:34.1,16.76056876,-13.81541424,-19.96383667,25.7070961,56.01086044,61.46631143,29.8445
06:44.6,16.2681292,-13.42133879,-19.54482079,26.00830078,55.58293915,61.2074343,29.9347
06:55.1,15.72542627,-12.99038289,-19.00857735,26.43107224,55.63925171,61.44362728,29.8986
07:05.7,15.23116817,-12.60081878,-18.71217537,26.90161705,55.43265152,61.46351502,29.9347
07:16.1,14.68654425,-12.17464059,-18.29389191,27.28613663,55.44574356,61.64795081,29.9527
07:26.6,14.19060849,-11.78925399,-17.83833885,27.4630394,55.24465942,61.54959455,29.9167
07:37.1,13.64421384,-11.36749152,-17.22852135,27.62439537,54.80920792,61.23665545,29.8986
07:47.6,13.14673872,-10.98595715,-16.7256813,28.09599686,54.79133224,61.43898963,29.9347
07:58.1,12.59872533,-10.56825523,-16.14114952,28.25152016,54.56141663,61.31032071,30.0248
08:08.7,12.09984319,-10.19025377,-15.45876312,28.55950737,54.14791107,61.09159493,30.0248
08:19.1,11.55035361,-9.77626491,-15.0970974,28.76275635,54.05154419,61.10457008,29.9708
08:29.6,11.05019508,-9.401483893,-14.64291,29.00709534,54.10211945,61.26832786,29.8626
08:40.1,10.49937106,-8.990869141,-14.05288219,29.37481308,53.87390518,61.24724011,29.9167
08:50.6,9.998061643,-8.619002053,-13.59145832,29.54494286,53.76073456,61.23339587,29.9708
09:01.1,9.446040632,-8.211425882,-13.15730476,29.90029526,53.53949356,61.21558398,30.0068
09:11.6,8.94370327,-7.842171342,-12.55766773,29.96733856,53.17822266,60.93773115,29.9888
09:22.2,8.390618457,-7.437305902,-12.25615501,30.10771942,53.00947189,60.86232598,29.8265
09:32.6,7.887375241,-7.070368503,-11.83776569,30.18962097,52.76301956,60.69194083,29.9527
09:43.1,7.333357253,-6.667890215,-11.3051672,30.29127312,52.70788956,60.6990748,29.9888
09:53.6,6.829325151,-6.30297754,-10.78133297,30.41708755,52.39836121,60.49798459,29.8986
10:04.2,6.274503762,-5.902567092,-10.44577122,30.51304817,52.2363205,60.40888607,29.8265
10:14.7,5.769798886,-5.539390992,-9.882652283,30.80020142,51.94104767,60.3045785,29.9708
10:25.1,5.214300882,-5.140734195,-9.456608772,31.04119492,51.81895447,60.32663769,29.9527
10:35.6,4.709037211,-4.779009511,-8.887167931,31.17494583,51.51908112,60.14321074,29.9167
10:46.1,4.152986815,-4.381793883,-8.490915298,31.26030731,51.26560593,59.97397977,29.9527
10:56.6,3.647277474,-4.021239296,-7.381895065,31.51504517,50.83546448,59.74998431,29.9167
11:07.1,3.09079827,-3.625156199,-6.927780151,31.59562683,50.45344925,59.47189585,29.9527
11:17.6,2.584754891,-3.265491244,-6.604084015,31.72822762,50.16942596,59.30470171,30.0068
11:28.1,2.027969182,-2.870233746,-6.064680099,32.08395386,49.90233994,59.27528107,29.9167
11:38.6,1.521702114,-2.51118052,-5.643163681,32.19939041,49.76118851,59.22274446,29.8806
11:49.1,0.96473103,-2.116443397,-5.193367958,32.1437912,49.58047104,59.04450062,29.8986
11:59.5,0.458350516,-1.75772485,-4.829580784,32.42171478,49.0401001,58.7475057,29.9527
12:10.1,-0.098684988,-1.363203839,-3.848106384,32.44103622,49.05070114,58.77536905,29.9888
12:20.6,-0.60506933,-1.004543669,-3.360283852,32.38850021,48.75498581,58.50387426,30.0789
12:31.0,-1.162048792,-0.609934932,-3.049746513,32.45521164,48.35537338,58.21110848,29.8986
12:41.5,-1.668327386,-0.251056836,-2.847690821,32.62744904,48.0841713,58.08433755,29.9167
12:52.0,-2.174517081,0.108022136,-2.356715441,32.53491592,47.90552521,57.88871552,29.8986
13:02.5,-2.731193079,0.503316053,-1.986334801,32.59666443,47.69988251,57.75668782,30.0248
13:13.0,-3.28769811,0.899012764,-1.5281322,32.74027252,47.29229355,57.50615916,29.8986
13:23.5,-3.793435412,1.259157113,-1.362415075,32.65410233,47.31813812,57.4798589,29.9708
13:34.0,-4.298978266,1.619767089,-1.617709875,32.88994598,47.18793106,57.50505782,29.8986
13:44.4,-4.854821196,2.017051552,-1.232578397,32.97498322,46.85281754,57.28266274,29.9708
13:54.9,-5.359873984,2.378845818,-0.156734362,33.1165123,46.54662704,57.1238579,29.9167
14:05.4,-5.915115857,2.77758778,-0.491606534,33.19669724,46.19957733,56.88523575,29.8986
14:15.9,-6.419565881,3.140848616,-0.038510513,33.13692093,46.1605835,56.82267582,29.9347
14:26.4,-6.974082046,3.54135981,0.281276345,33.0172081,45.88836288,56.53458371,29.9708
14:36.9,-7.477814901,3.906371736,0.679495513,33.04371643,45.55343628,56.28216634,29.9347
14:47.3,-8.031479426,4.308966991,1.024898887,33.05318069,45.3118515,56.09546808,29.9708
14:57.8,-8.534379425,4.676017942,1.258705378,32.93728256,45.15280151,55.90079402,30.0429
15:08.3,-9.08706211,5.08101657,1.515993118,32.86682892,44.78772736,55.56694123,30.0609
15:18.8,-9.589011859,5.45039875,1.765413404,32.77030182,44.52173996,55.29777051,30.0248
15:29.3,-10.14058293,5.858123478,2.074789047,32.83766174,44.41969299,55.25844681,30.0248
15:39.8,-10.64146119,6.230132292,2.306628466,32.74017715,44.15947723,54.99350196,30.0248
15:50.2,-11.19178661,6.640911822,2.647565365,32.77894211,43.73820114,54.6821438,29.9167
16:00.7,-11.69147044,7.01584908,2.979866266,32.6291008,43.28980637,54.23693779,29.9527
16:11.2,-12.2404136,7.430017237,3.192708492,32.58284378,43.063591,54.03061435,29.9527
16:21.7,-12.73877665,7.808188589,3.40544486,32.39336395,42.78647995,53.69747051,29.9888
16:32.2,-13.28619667,8.226085176,3.545215845,32.40554047,42.60082626,53.55832958,29.9527
16:42.7,-13.78311001,8.607803958,4.353856087,32.30421448,42.29376221,53.26047738,30.0068
16:53.2,-14.32886261,9.02977646,4.48143816,32.24173737,42.12229919,53.0876554,29.9708
17:03.7,-14.82419306,9.415359422,4.663493633,32.2129364,42.04907608,53.01378655,29.9347
17:14.3,-15.36813054,9.841762155,4.968896389,32.16036606,41.67908859,52.69159769,29.9888
17:24.7,-15.86173977,10.23153629,5.144686222,32.08575058,41.30099106,52.34894401,29.9888
17:35.2,-16.40370674,10.66273126,5.300157547,32.13857269,40.99185181,52.13942776,29.9888
17:45.7,-16.89545646,11.05702954,5.504404545,32.04387283,40.91962433,52.0262419,30.0789
17:56.2,-17.43529583,11.49338727,5.706368446,31.79897499,40.70604324,51.70941051,30.0068
18:06.7,-17.92503576,11.89255036,5.733983994,31.59967422,40.43648148,51.37492024,30.0068
18:17.2,-18.4625836,12.33445079,5.80642128,31.35011101,39.97183228,50.8564967,30.0789
18:27.7,-18.95016348,12.73882873,5.830654144,31.25732422,39.82477188,50.68395631,29.9888
18:38.2,-19.48524904,13.18666032,5.952657223,30.98460007,39.6307373,50.36460501,29.9708
18:48.7,-19.97051178,13.59661169,6.031010151,30.8397007,39.55942535,50.22017805,30.0068
18:59.2,-20.50295918,14.05077488,6.061085701,30.7581501,39.47607422,50.10474348,29.9708
19:09.7,-20.98574086,14.4666668,6.210316181,30.60071564,39.47569656,50.00944644,30.0068
19:20.2,-21.51536739,14.92756968,6.234536648,30.45397568,39.35795593,49.8269793,30.0248
19:30.6,-21.99549895,15.34977953,6.253005505,30.22352219,39.38075638,49.70471076,29.9167
19:41.1,-22.52211166,15.81784556,6.357334137,30.15114403,39.21427155,49.5298689,30.0429
19:51.6,-22.99941381,16.24676095,6.378827095,29.91313744,39.29531479,49.44993815,29.9347
20:02.2,-23.52281633,16.72242045,6.422987461,29.74566841,39.10831451,49.20048822,30.0248
20:12.7,-23.99710467,17.15844094,6.653166294,29.83379364,39.11518097,49.26160565,29.9167
20:23.2,-24.51708697,17.64213786,6.744177341,29.81599426,38.95556259,49.12508064,30.0609
20:33.7,-24.98817195,18.08566986,6.864027977,29.81772995,38.90751266,49.08926144,29.9527
20:44.2,-25.50451888,18.57786183,6.917386532,29.78600502,38.8432045,49.0195677,29.9347
20:54.6,-25.97219559,19.02932708,6.87814188,29.68836975,38.85060501,48.96577325,30.0068
21:05.2,-26.48467835,19.53047855,6.888676643,29.59325218,38.69419098,48.78411285,29.8986
21:15.7,-26.94873677,19.99030738,7.01378727,29.36818314,38.81214142,48.74306401,29.9347
21:26.2,-27.45712141,20.50090159,7.03217268,29.12719536,38.94736862,48.70650064,30.0248
21:36.7,-27.91734297,20.96953453,7.707884312,29.08805847,39.11224747,48.82203326,29.9527
21:47.1,-28.42138019,21.49006153,7.561186314,28.88589668,39.40337372,48.93446714,29.8986
21:57.6,-28.87753096,21.9679545,7.550336838,28.85293579,39.41225052,48.92205772,29.9167
22:08.2,-29.37696122,22.49891975,7.525732994,28.79297638,39.42279816,48.89497148,30.0248
22:18.7,-29.82880214,22.98653208,7.601631641,28.77227974,39.27655029,48.7656961,29.9527
22:29.2,-30.32335224,23.52845124,7.53949976,28.73448944,39.31183243,48.77120618,29.9527
22:39.6,-30.77063059,24.02626104,7.699053764,28.68459702,39.24879074,48.69263532,29.9708
22:50.1,-31.26001706,24.57965833,7.801358223,28.73489952,39.30029678,48.76483503,29.9527
23:00.6,-31.70246647,25.08814713,7.768351555,28.65893173,39.19190598,48.63237824,30.097
23:11.2,-32.18638878,25.65356215,7.875252724,28.5336895,39.27887344,48.62999679,29.9888
23:21.6,-32.62372921,26.17322343,7.921456814,28.47342873,39.37609863,48.67375827,29.9708
23:32.1,-33.1018766,26.75120087,7.920781612,28.65659714,39.52573776,48.90199676,29.9167
23:42.6,-33.53382118,27.28253323,8.126991272,28.56368446,39.56689453,48.88302573,29.8626
23:53.1,-34.00586239,27.87362634,8.096168518,28.72378159,39.4299736,48.86588396,30.0248
24:03.6,-34.43210034,28.41713694,8.243412971,28.62234879,39.83166504,49.13291975,29.8986
24:14.1,-34.89769385,29.0219075,8.32844162,28.6666851,39.82443619,49.15376887,29.8806
24:24.5,-35.31790758,29.57810688,8.573210716,28.89116096,39.82910538,49.2912774,29.9347
24:35.0,-35.77669138,30.19711668,8.644114494,28.96531296,39.88676071,49.38205291,29.8265
24:45.5,-36.19054279,30.76651881,8.658708572,28.96898079,39.90408707,49.39834735,29.8626
24:56.0,-36.64214124,31.40033305,8.736745834,28.94207954,40.14083481,49.57486594,29.8986
25:06.6,-37.0492854,31.9834502,8.766284943,29.05089378,40.25280762,49.7293599,30.0068
25:17.1,-37.49329892,32.63263578,8.690618515,29.07709122,40.44044876,49.89586905,29.9527
25:27.6,-37.89336359,33.2299768,9.01485157,29.12683296,40.41155243,49.90471741,29.9888
25:38.0,-38.32938579,33.89508696,9.137923241,29.23070717,40.3523674,49.91879125,29.9347
25:48.5,-38.72198848,34.50716071,9.330746651,29.63302422,40.50824356,50.28284665,29.8626
25:59.0,-39.14958223,35.1887487,9.440648079,29.77625656,40.29062653,50.19363195,29.8445
26:09.6,-39.53432337,35.81604352,9.661765099,29.77553368,40.32924652,50.22641034,29.9167
26:20.1,-39.9530447,36.5146421,9.981787682,29.94172859,40.42821884,50.4076361,29.9708
26:30.5,-40.32950424,37.15763952,10.27271175,29.88248825,40.53414536,50.4604078,29.9888
26:41.0,-40.73888187,37.87376095,10.46030712,29.98722649,40.837677,50.76819794,30.0429
26:51.5,-41.1066295,38.53291518,10.60470295,29.89191055,40.71341324,50.61336816,29.9708
27:02.0,-41.50617508,39.26705465,10.69839096,30.07496452,40.69140625,50.70495464,29.9167
27:12.6,-41.86476001,39.942796,10.86990452,30.34403038,40.65932465,50.84103426,29.9167
27:23.0,-42.25397151,40.6954043,11.24868488,30.53910065,40.55962372,50.8819067,30.0068
27:33.6,-42.60292587,41.38812892,11.56228542,30.6723671,40.50960159,50.92528066,29.9527
27:44.1,-42.98127737,42.15962269,11.77880383,30.89783287,40.46697617,51.02970743,30.0068
27:54.5,-43.32011623,42.86969257,12.10090542,30.95770645,40.4299736,51.03982033,29.9888
28:05.1,-43.68707155,43.66043723,12.19440651,31.18859673,40.31370926,51.08931519,29.9347
28:15.6,-44.01529971,44.38815632,12.57971764,31.49790573,40.38388824,51.33766856,29.9167
28:26.0,-44.37030221,45.19845923,12.60709667,31.70459938,40.35964584,51.44598848,29.9888
28:36.6,-44.68740398,45.94407341,12.88672733,32.0471611,40.14263916,51.49115206,29.8986
28:47.0,-45.02988333,46.77417704,13.25885487,32.14340591,40.27429962,51.65729966,30.0248
28:57.5,-45.33534305,47.53787415,13.31069183,32.21900177,40.16678238,51.62116982,29.9347
29:08.1,-45.66471868,48.38793901,13.43386555,32.34040833,40.03990173,51.59970549,29.9708
29:18.5,-45.95799334,49.16982491,13.52542686,32.53342056,39.94422913,51.64775233,29.9708
29:29.0,-46.27367444,50.03991929,13.88929844,32.78475189,39.96263504,51.82413969,29.8986
29:39.5,-46.55422787,50.84001107,14.31153107,33.02914429,39.92947769,51.95766635,29.8986
29:50.0,-46.85561339,51.73010766,14.50430584,33.31741714,39.74738312,52.00393308,30.0248
30:00.5,-47.12289918,52.548337,14.86412525,33.50531769,39.69299316,52.08650636,29.9708
30:11.1,-47.40938463,53.45829237,15.17626476,33.70081711,39.50527954,52.07291475,29.9888
30:21.6,-47.66284954,54.29447145,15.4028244,34.09941483,39.50435257,52.33322833,30.0789
30:32.1,-47.93383388,55.22402604,15.73962402,34.46164322,39.33559036,52.44647888,29.9888
30:42.5,-48.1729349,56.07786116,15.83956146,34.73685455,39.24024582,52.55744969,29.8986
30:53.0,-48.42781706,57.02661883,16.00657463,34.89362717,39.21009064,52.64031724,30.0068
31:03.6,-48.65201119,57.8976831,16.39686584,35.33652115,39.19126129,52.92467812,29.9888
31:14.0,-48.89020038,58.8651111,16.70160866,35.43808365,38.94094849,52.81057518,30.0248
31:24.5,-49.09895145,59.7528581,16.81260109,35.80255508,38.89522552,53.02333562,30.0248
31:35.0,-49.31986709,60.73827682,17.042593,36.19931412,38.80735779,53.23010383,29.9167
31:45.5,-49.51265943,61.64200647,17.2852211,36.35834122,38.65254974,53.22812977,29.9708
31:56.0,-49.697679,62.55307174,18.15769005,36.65040207,38.53115845,53.34847545,30.0248
32:06.5,-49.89208326,63.56346845,18.40485001,36.77297592,38.20214462,53.19831259,30.0429
32:17.0,-50.07680573,64.58219117,18.57025528,36.90466309,38.14884567,53.25278245,29.9888
32:27.5,-50.2362121,65.51526331,18.80328751,37.10980225,38.16646194,53.40991975,29.9527
32:38.0,-50.38739834,66.45470802,18.96534538,37.49979019,38.14748764,53.66964154,29.9167
32:48.5,-50.54409654,67.49513708,19.1784668,37.90759659,37.73846054,53.66894586,30.0609
32:58.9,-50.67771553,68.4470742,19.36546898,38.23284912,37.65307617,53.84115866,30.0248
33:09.4,-50.81486573,69.50052843,19.49010849,38.49374008,37.4806633,53.90786821,30.0248
33:20.0,-50.93052473,70.46363974,19.89246941,38.83889008,37.35954666,54.07483313,30.0789
33:30.4,-51.04772395,71.52860967,20.02617455,39.01157761,36.97111511,53.93322459,30.0248
33:40.9,-51.14507464,72.50144717,20.36709976,39.15193558,36.67015076,53.83252842,29.9708
33:51.4,-51.24197112,73.57627989,20.48637772,39.50915146,36.30939865,53.85008688,29.9527
34:01.8,-51.3207232,74.55729313,20.61519432,39.81070328,36.22632599,54.01716379,29.9708
34:12.4,-51.39701299,75.64021962,20.95608139,39.9537735,35.8110733,53.84879822,29.9888
34:22.9,-51.45691717,76.62775569,21.22173119,40.28757095,35.65474701,53.99602845,30.0609
34:33.4,-51.51236464,77.71691132,21.35001755,40.56754684,35.3879776,54.03133196,30.0248
34:43.9,-51.55323308,78.70923535,21.85234642,40.76906586,35.09405518,53.99594231,29.9708
34:54.3,-51.58766407,79.80268034,22.03367424,41.04683304,34.65410614,53.9238653,29.9708
35:04.9,-51.60936699,80.79798916,22.36061096,41.29493713,34.18742371,53.81832758,29.9708
35:15.4,-51.62266537,81.89372226,22.66675186,41.28474808,33.65826797,53.47874511,30.0429
35:25.8,-51.62513107,82.89019222,23.06975937,41.62366867,33.24530792,53.48691477,29.9167
35:36.3,-51.61725927,83.98618486,23.30796814,41.87386322,32.79427338,53.40592435,29.9347
35:46.8,-51.60048092,84.98196497,23.5529995,42.04985809,32.69843674,53.48767456,29.9527
35:57.3,-51.57145944,86.07618177,23.92541122,42.25050735,32.48612213,53.5198927,29.9888
36:07.8,-51.53549508,87.06944154,24.13318253,42.4522171,32.17759705,53.49506212,29.9708
36:18.3,-51.48541955,88.15988124,24.43151093,42.60699081,31.62289619,53.28972453,29.9167
36:28.8,-51.43037847,89.14879701,24.56784821,42.62516785,31.19667625,53.05379714,30.0248
36:39.3,-51.3594128,90.23349935,24.84217262,42.94661331,31.06337929,53.23708576,30.0609
36:49.8,-51.28547259,91.21632942,24.90487862,43.08840561,30.73032951,53.15890075,29.9708
37:00.3,-51.19383194,92.29340244,24.9313221,43.46810532,30.12569046,53.12216795,29.9527
37:10.8,-51.10122482,93.26847342,25.10246086,43.61197662,29.61525726,52.95441841,29.9888
37:21.3,-50.98919948,94.33612078,25.12054443,43.67247391,29.19774437,52.77228248,29.9347
37:31.7,-50.87820549,95.30184806,25.21015358,43.68651199,28.68876076,52.5049186,30.0789
37:42.2,-50.74613353,96.35838953,25.45885849,43.72866058,28.38521385,52.37723723,30.0429
37:52.7,-50.61708735,97.31330461,25.71095848,43.81866837,27.91677094,52.20280409,30.0248
38:03.2,-50.46536153,98.35718975,25.81571388,43.92690659,27.21812057,51.92508954,30.0248
38:13.7,-50.31864224,99.29994027,26.05023003,44.07881165,26.69753075,51.7856159,30.0068
38:24.2,-50.14770309,100.3297552,26.16707993,44.1554184,26.55784988,51.78018389,29.9708
38:34.7,-49.98372733,101.2591186,26.33248711,44.31746674,26.32758713,51.80262724,29.9888
38:45.1,-49.79404956,102.2735997,26.47222137,44.49245453,26.02346611,51.80030424,30.0248
38:55.6,-49.61327153,103.1885036,26.43576431,44.59568024,25.61013031,51.68258154,29.9708
39:06.1,-49.4053674,104.1865513,26.44473648,44.68335342,25.27561378,51.5936378,29.9708
39:16.7,-49.20826521,105.0860599,26.49545479,44.68508911,25.05509949,51.48796611,30.0068
39:27.1,-48.98268114,106.0667111,26.47446823,44.55315781,24.545578,51.12674191,30.0789
39:37.6,-48.76975682,106.9500322,26.5641861,44.71678543,24.06897926,51.04381303,29.9708
39:48.1,-48.5270563,107.9125015,26.68486023,44.82514572,23.45944595,50.85591562,30.0429
39:58.6,-48.29883236,108.7789793,26.75476837,44.68077087,23.09872246,50.56359395,29.9888
40:09.2,-48.03959594,109.7226245,26.77510071,44.79126358,22.79227257,50.52247107,29.9888
40:19.7,-47.79661196,110.5717468,26.70547485,44.89315796,22.23201561,50.36232346,30.0068
40:30.1,-47.5214373,111.4960627,26.56377983,44.94220734,21.75292015,50.19517223,29.9888
40:40.6,-47.26423287,112.3274333,26.48287392,45.08823776,21.3087883,50.13478351,29.9888
40:51.1,-46.9737176,113.2320713,26.5800705,45.08546066,20.60343933,49.83754153,29.9888
41:01.6,-46.70284254,114.0454308,26.62491035,44.98690033,20.36312103,49.64980171,30.0429
41:12.1,-46.39759456,114.9301588,26.69049454,45.02656937,19.97846985,49.53000809,30.0068
41:22.6,-46.11359871,115.7253568,26.77731323,44.85474014,19.73043633,49.27489365,29.9167
41:33.1,-45.79421565,116.5900587,26.59088898,44.99773407,19.33942223,49.24835238,29.9888
41:43.5,-45.49764542,117.3670474,26.2720108,44.97893524,19.15635872,49.15630891,29.9888
41:54.0,-45.19527978,118.1353617,26.1264286,44.78245163,18.85557365,48.85823432,29.9708
42:04.5,-44.85612332,118.9705436,26.09114838,44.76596832,18.29576111,48.62939381,29.9708
42:15.0,-44.54197218,119.7207442,26.0060482,44.75891495,17.95379829,48.49438513,30.0248
42:25.4,-44.19014914,120.5360776,25.92726707,44.70827866,17.70153809,48.3539233,29.9527
42:35.9,-43.86474527,121.2683285,25.81345177,44.62950134,17.35744667,48.15482112,29.9708
42:46.4,-43.50082596,122.0640319,25.53450012,44.55753326,17.21192932,48.03289271,29.8626
42:56.9,-43.16468161,122.7785653,25.36143112,44.39208221,17.11867332,47.84419893,30.0248
43:07.4,-42.7892227,123.5549256,25.22621155,44.27143097,16.88847542,47.64878187,30.0429
43:17.9,-42.4428399,124.252042,25.1910038,44.02810669,16.45499611,47.26977977,29.9347
43:28.4,-42.05639121,125.0094143,25.04948807,43.88042068,16.02983284,46.98400098,29.9527
43:38.9,-41.7002549,125.6894553,24.86940956,43.74121857,15.52379894,46.68138756,29.9888
43:49.3,-41.30333895,126.4282495,24.73905182,43.59539795,15.26230145,46.45681457,29.9888
43:59.8,-40.93792383,127.0915838,24.67666817,43.38266754,14.94484138,46.15279835,30.0248
44:10.4,-40.53105287,127.8122508,24.2602253,43.11671448,14.5796566,45.78075665,29.9888
44:20.9,-40.15680973,128.4593156,24.1033268,42.89114761,13.9577446,45.37149441,29.9888
44:31.4,-39.74047214,129.1623196,24.04295731,42.61936188,13.53082848,44.98373354,30.0068
44:41.9,-39.35784494,129.7935657,23.88521004,42.51562119,13.38570499,44.84016451,30.0429
44:52.4,-38.9325154,130.4794396,23.59466171,42.37918854,13.09997559,44.6228601,30.0068
45:02.9,-38.54192079,131.0953315,23.30179214,42.20385742,12.69053936,44.33415346,30.133
45:13.4,-38.10805351,131.7645944,23.07096291,42.15926361,12.38952255,44.20378649,30.0789
45:23.9,-37.70989788,132.3656374,22.68533897,41.99183655,11.96219349,43.92144976,30.097
45:34.4,-37.26793,133.0188084,22.51094246,41.76042557,11.53096867,43.58219045,30.115
45:44.8,-36.86259925,133.6054943,22.38990593,41.37125397,11.47327423,43.19266815,30.0429
45:55.3,-36.41294741,134.2431744,22.05505753,41.17733383,11.02534676,42.88573364,30.0068
46:05.8,-36.00081379,134.8160087,21.7521553,40.91585541,10.59635162,42.52225355,30.133
46:16.3,-35.54387755,135.4387307,21.31198311,40.70929718,10.33226299,42.25298236,30.0068
46:26.8,-35.12529966,135.9982325,21.04661751,40.42414474,10.21813011,41.94720824,30.097
46:37.3,-34.66145809,136.6065701,20.72004509,40.20334625,10.11736107,41.70599585,30.115
46:47.8,-34.23677059,137.1532585,20.33884239,39.96709442,9.833265305,41.40532074,30.0068
46:58.3,-33.76639254,137.7477718,19.4354248,39.81513596,9.550298691,41.18116901,30.133
47:08.8,-33.33591987,138.2821521,19.20595551,39.63522339,9.471705437,40.98621832,30.1511
47:19.3,-32.85935366,138.8634149,19.00040627,39.49801254,9.164107323,40.78080755,30.0429
47:29.7,-32.42340659,139.385979,18.70929337,39.3850174,8.735447884,40.57335256,30.1691
47:40.2,-31.94098009,139.9545376,18.4136734,39.23865891,8.558535576,40.38978283,30.0609
47:50.7,-31.49985574,140.4658182,18.08030319,38.99326324,8.449449539,40.1241583,30.133
48:01.2,-31.01188653,141.0222055,17.7598877,38.68001938,8.157420158,39.75483984,30.0789
48:11.8,-30.56586493,141.5226807,17.3990593,38.62203217,8.089946747,39.68006636,30.0609
48:22.3,-30.07266039,142.0674703,17.05357742,38.28403091,7.840798855,39.29629406,30.1511
48:32.7,-29.62200792,142.5576183,16.71034622,38.15479279,7.863773346,39.17062024,30.1511
48:43.2,-29.12385149,143.0913156,16.50883293,37.80295944,7.695942879,38.79175315,30.1691
48:53.7,-28.66882429,143.5716282,16.12792206,37.51878357,7.647264957,38.50022992,30.1691
49:04.2,-28.1659943,144.0947524,15.80610561,37.20200729,7.453498363,38.14905097,30.133
49:14.7,-27.70684166,144.5656803,15.48104477,36.97105789,7.634794235,37.95563528,30.0248
49:25.2,-27.19959766,145.0787504,15.08121109,36.72725296,7.487083435,37.68326869,30.097
49:35.7,-26.7365484,145.5407581,14.67374325,36.55600739,7.373761654,37.48850197,30.097
49:46.1,-26.22514482,146.0442523,14.27517223,36.30121994,7.443552017,37.24862693,30.1871
49:56.6,-25.75842433,146.4978042,13.70054817,36.06803894,7.259932518,36.97716324,30.0789
50:07.2,-25.24309851,146.9922143,13.38628387,35.70485687,7.056566715,36.57893139,30.1511
50:17.7,-24.77291853,147.4377065,13.04983711,35.30777359,7.117352009,36.19869352,30.0429
50:28.2,-24.253901,147.9235106,12.69334412,34.85094833,7.018843651,35.72878545,30.133
50:38.7,-23.78046302,148.3613803,12.15380096,34.38212967,6.934013844,35.24720116,29.9888
50:49.1,-23.25797404,148.8390291,11.69651318,34.15937042,6.940986156,35.02479678,30.1871
50:59.6,-22.78147614,149.2696999,11.29447556,33.96501923,6.869671345,34.81536142,30.1691
51:10.2,-22.25572233,149.7396442,10.89616394,33.56211853,6.997488499,34.44236939,30.115
51:20.6,-21.77635062,150.1635121,10.31280136,33.41902542,6.880757809,34.27081688,30.097
51:31.1,-21.24753518,150.6261754,10.62407112,33.27615738,6.848045826,34.12949535,30.0609
51:41.6,-20.76546896,151.0436229,10.06396484,32.89162064,6.891409397,33.75520991,30.1691
51:52.1,-20.23378313,151.4994424,9.615008354,32.56206894,6.731833935,33.39492372,30.1511
52:02.6,-19.74919316,151.910852,9.134551048,32.19268417,6.741736889,33.02960008,30.1691
52:13.1,-19.21482478,152.3602375,8.700723648,31.78566551,6.595619202,32.59649442,30.1511
52:23.6,-18.72787669,152.7659781,8.094878197,31.51346779,6.819152832,32.36810738,30.097
52:34.1,-18.19100162,153.2093257,8.16900444,31.0960331,6.983295918,31.99841716,30.2052
52:44.6,-17.70185421,153.609766,7.525767803,30.94816399,6.737817287,31.79170967,30.097
52:55.0,-17.16264663,154.0474718,6.794453621,30.57341194,6.660648823,31.39892059,30.1871
53:05.6,-16.67145187,154.4429534,6.239394665,30.36392403,6.412581921,31.1340406,30.0609
53:16.0,-16.130074,154.8754137,5.575599194,29.82732201,6.297885418,30.57626691,30.1691
53:26.5,-15.63698215,155.2662781,4.982673168,29.47772026,6.243121624,30.21415616,30.1871
53:37.0,-15.09359621,155.6938479,4.509263515,29.31032562,6.330498695,30.0612652,30.1871
53:47.5,-14.59874729,156.0804366,3.986649513,28.84576797,6.476381779,29.63120822,30.1511
53:58.0,-14.10311206,156.4651129,3.363790989,28.39757919,6.792201996,29.25611565,30.1691
54:08.5,-13.55704099,156.8861258,2.912682772,28.11227036,6.831290245,28.98066517,30.1691
54:19.0,-13.01009567,157.3049939,2.444741726,27.75596237,6.862337589,28.63441751,30.1871
54:29.5,-12.5121467,157.6840148,1.929848313,27.41586494,7.123675823,28.36029366,30.2773
54:40.0,-12.01353692,158.0614237,1.606452823,26.979702,7.130977631,27.93495328,30.2773
54:50.5,-11.46433933,158.4747731,1.097448111,26.87085724,7.213341713,27.8419237,30.2232
55:01.0,-10.96443779,158.8490128,0.720063508,26.53523827,7.327203274,27.541366,30.3133
55:11.5,-10.41388783,159.2590564,0.197531268,26.28163147,7.28556776,27.27638505,30.2592
55:22.0,-9.912820028,159.6304275,-0.290982306,25.95557785,7.319985867,26.96262658,30.2412
55:32.4,-9.361053441,160.0374931,-0.914725065,25.47806549,7.434075832,26.52324602,30.133
55:42.9,-8.858941476,160.406296,-1.353086114,24.97668266,7.572229385,26.07336282,30.2773
55:53.4,-8.306092304,160.8106978,-1.948558211,24.48805046,7.975475788,25.71622584,30.3133
56:04.0,-7.803054848,161.1772468,-2.617360592,24.12305641,8.11386013,25.39959087,30.1511
56:14.4,-7.249253719,161.5793127,-3.198191881,23.89995575,8.031004906,25.14968653,30.1691
56:24.9,-6.74540902,161.9438808,-3.654361486,23.51770782,8.210364342,24.83622963,30.2592
56:35.4,-6.190783999,162.3439387,-3.995530367,23.26189423,8.478752136,24.67811643,30.2232
56:45.9,-5.686247317,162.706813,-4.174991608,22.97207832,8.461434364,24.39543528,30.2953
56:56.4,-5.130923482,163.1051769,-4.697865486,22.45801544,8.546542168,23.93131787,30.3494
57:06.9,-4.625808795,163.4666442,-5.145296097,22.04127121,8.704991341,23.58917579,30.1691
57:17.4,-4.069911224,163.8636011,-5.719244957,21.76698112,8.95593071,23.41561268,30.097
57:27.9,-3.564330803,164.2239483,-7.001754761,21.554533,8.944583893,23.18623987,30.1511
57:38.4,-3.007982227,164.6198397,-7.435592175,21.12161255,9.18042469,22.86847441,30.3494
57:48.9,-2.502047063,164.9793399,-7.688966751,20.76199913,9.576377869,22.69534433,30.1691
57:59.4,-1.945369357,165.374439,-8.189682961,20.34897804,9.906090736,22.45043113,30.2232
58:09.9,-1.439190121,165.7333791,-8.595259666,20.17682076,10.04388714,22.34700215,30.2052
58:20.4,-0.882304307,166.1280137,-9.090435028,19.72019768,10.20374966,21.99800601,30.1691
58:30.9,-0.375990788,166.486667,-9.494287491,19.52897453,10.56747437,21.98995392,30.2773
58:41.3,0.180982911,166.8811377,-9.899942398,19.27055359,10.72007561,21.82600088,30.2052
58:51.8,0.687321189,167.2397636,-10.15006161,19.03501129,10.69708347,21.60113858,30.1511
59:02.4,1.244261538,167.634371,-10.59014702,18.70884132,10.78608131,21.34877389,30.1511
59:12.9,1.750515052,167.9932701,-11.11589146,18.27467918,11.19355774,21.16940582,30.1871
59:23.3,2.307301721,168.3883146,-11.63974285,17.95225143,11.24365997,20.90606319,30.2592
59:33.8,2.813360469,168.7477465,-12.25227261,17.81453705,11.5806551,20.95750534,30.2592
59:44.3,3.369872329,169.1435423,-12.80108738,17.5182457,12.17207623,21.02967628,30.115
59:54.8,3.875626066,169.5037938,-13.22715282,17.05620956,12.45128345,20.80196124,30.2052
00:05.4,4.431741349,169.9006414,-13.45647812,16.67403221,12.56458569,20.55324027,30.2773
00:15.9,4.937078871,170.2619857,-13.95852566,16.37176704,13.02404308,20.5840212,30.2412
00:26.4,5.492674633,170.6601858,-14.57125473,16.05415535,13.3815546,20.54825182,30.2052
00:36.9,5.997483669,171.0229098,-14.94628906,15.64680195,13.48610401,20.29165157,30.2412
00:47.4,6.552435259,171.4227901,-15.45786095,15.2951088,13.79575729,20.21893695,30.133
00:57.8,7.05660183,171.7871806,-15.95399857,15.01505661,14.03044128,20.1581549,30.1871
01:08.4,7.610784169,172.1890417,-16.41465759,14.71875763,14.19291306,20.04160546,30.1691
01:18.9,8.114192163,172.555372,-16.93493271,14.40575218,14.09026241,19.72628343,30.1691
01:29.3,8.667475906,172.9595416,-17.35416031,14.13237381,14.16077518,19.56776387,30.2592
01:39.8,9.170009635,173.3281123,-17.89621735,13.92236805,14.19779491,19.42970651,30.2592
01:50.3,9.722264581,173.7349047,-18.1836071,13.61658669,14.35618401,19.32169364,30.3133
02:00.8,10.22380281,174.1060162,-19.04245567,13.40255928,14.82856941,19.50570712,30.1511
02:11.4,10.77489662,174.5157593,-19.36325836,13.1866684,15.17461967,19.61616801,30.2232
02:21.8,11.27531726,174.8896985,-19.76540565,13.03810692,15.61306763,19.84929991,30.2412
02:32.4,11.82511334,175.30272,-19.96953773,12.58326149,16.53938103,20.29581377,30.2592
02:42.8,12.32429089,175.6798147,-20.30492783,12.58362865,16.93622398,20.61258026,30.2052
02:53.3,12.87264921,176.0964563,-20.43379593,12.29512882,17.04821205,20.52749208,30.1511
03:03.8,13.37045559,176.4769934,-20.89084435,11.99685478,16.93053818,20.24047438,30.2052
03:14.3,13.91723273,176.8976101,-21.27459526,11.80829334,17.1326561,20.29012325,30.2052
03:24.8,14.41353476,177.2819176,-21.67245102,11.67517948,17.45178413,20.47442635,30.2412
03:35.3,14.95858386,177.706851,-21.9372406,11.41607285,17.60472679,20.45277204,30.1691
03:45.8,15.45324665,178.0952428,-22.13805008,11.10134792,17.79295921,20.43749674,30.2773
03:56.3,15.99641403,178.5248617,-22.56701279,10.87585735,17.99124146,20.47930735,30.2232
04:06.8,16.48929585,178.9176796,-22.87377357,10.50346088,18.10781097,20.37993462,30.2412
04:17.3,17.03042441,179.3523528,-23.40733337,10.28244877,18.37462234,20.49263686,30.1691
04:27.8,17.52138012,179.7499245,-23.89387131,10.1565876,18.79255295,20.7947697,30.2052
04:38.3,18.06030936,-179.8099755,-24.24946022,9.84172821,18.97732925,20.80262434,30.1511
04:48.8,18.54918698,-179.4072949,-24.75450706,9.705609322,19.17150879,20.90433196,30.1871
04:59.3,19.08574786,-178.9613791,-25.69779968,9.519071579,19.62903023,21.21824101,30.2412
05:09.8,19.57239201,-178.5532207,-25.75007248,9.428126335,19.71923447,21.26000239,30.2412
05:20.3,20.10640864,-178.1011031,-26.05768204,9.102936745,20.65621185,21.98828923,30.1871
05:30.7,20.59065881,-177.6871117,-26.09742355,8.909013748,20.89271927,22.13094713,30.1871
05:41.2,21.12194678,-177.2283689,-26.32512093,8.73980999,21.08330154,22.23881206,30.097
05:51.7,21.60363392,-176.8081893,-26.53857613,8.616394043,21.16465759,22.26311751,30.2412
06:02.2,22.13200711,-176.3423977,-26.82178688,8.332437515,21.51387596,22.48231721,30.2052
06:12.7,22.61095363,-175.9156202,-26.94556808,8.047981262,21.61474991,22.47269116,30.115
06:23.2,23.13621396,-175.44237,-27.25804138,7.81208086,21.74802589,22.51104609,30.2232
06:33.7,23.61223888,-175.0085984,-27.53058243,7.600212097,22.1542244,22.826351,30.3133
06:44.2,24.13418144,-174.5274389,-27.72037125,7.515159607,22.37663078,23.01023376,30.133
06:54.7,24.60709179,-174.0862633,-27.98252106,7.471114159,22.60176277,23.20936678,30.2232
07:05.2,25.12550144,-173.5967436,-28.39982414,7.42674017,23.06455421,23.63747674,30.2052
07:15.7,25.59509914,-173.147768,-28.72436333,7.216591358,23.37533379,23.86966814,30.2052
07:26.2,26.10974877,-172.6494101,-28.95496559,6.890182495,23.6477375,24.03612153,30.1871
07:36.7,26.57582551,-172.1921835,-29.31103516,6.648880959,23.72884941,24.04069211,30.3494
07:47.2,27.08648461,-171.6845366,-29.5363369,6.442849636,24.06755447,24.31503964,30.1511
07:57.8,27.54882182,-171.218622,-29.861166,6.404721737,24.14097023,24.37100199,30.1511
08:08.4,28.05524107,-170.7011669,-30.20616531,6.206327915,24.22005272,24.39104948,30.1691
08:18.9,28.51360824,-170.2261273,-30.33585167,6.045376301,24.31896973,24.4463292,30.2232
08:29.4,29.01553152,-169.6983722,-30.634655,5.975295544,24.56069374,24.66368137,30.3494
08:39.9,29.4696947,-169.2137293,-30.96105385,5.971297264,24.7289238,24.8236784,30.0609
08:50.4,29.96685393,-168.6751552,-31.37767982,5.637523174,24.97263718,24.98072447,30.2412
09:00.9,30.41655358,-168.1804583,-31.46152878,5.507898331,25.12578964,25.10340057,30.2052
09:11.4,30.9086653,-167.6305461,-31.1614151,5.382236004,25.15954971,25.11593102,30.2412
09:21.9,31.35364871,-167.125276,-31.58356285,5.330420017,25.29968452,25.23695409,30.1691
09:32.4,31.8404158,-166.5634929,-31.99547577,5.137087822,25.66806602,25.55863472,30.2412
09:42.9,32.28039951,-166.0471853,-32.33215714,4.864468098,25.87060928,25.70251578,30.1871
09:53.3,32.76151462,-165.4729713,-32.67546844,4.74864769,26.10870361,25.91406164,30.2232
10:03.9,33.19621176,-164.9451206,-32.89998627,4.761940956,26.42631149,26.2321565,30.133
10:14.4,33.67134704,-164.3579292,-33.20701981,4.667603016,26.59981728,26.3842714,30.2052
10:24.9,34.10045709,-163.8180301,-33.450737,4.609320164,26.63985252,26.40978678,30.3674
10:35.3,34.56927103,-163.2172877,-33.79833603,4.472986698,27.23467636,26.98030523,30.2052
10:45.8,34.99247297,-162.664821,-33.91344452,4.317086697,27.51273346,27.23369779,30.2232
10:56.3,35.4546104,-162.049981,-34.34233856,4.084449291,27.76687241,27.44703246,30.2773
11:06.8,35.87157295,-161.4844277,-34.67296982,3.937915564,27.87110901,27.52513263,30.2052
11:17.3,36.32665821,-160.8549165,-35.01858521,3.80988121,28.18356705,27.81744167,30.2052
11:27.8,36.73703647,-160.2757574,-35.21442413,3.718202353,28.22540665,27.84392546,30.1871
11:38.2,37.18467682,-159.6310012,-35.51606369,3.708610535,28.36951637,27.98333768,30.2412
11:48.8,37.58810195,-159.037731,-35.75590897,3.537354469,28.5271492,28.11681364,30.2773
11:59.2,38.027891,-158.3771561,-36.15684509,3.307091236,28.81065559,28.36959434,30.2232
12:09.8,38.42398391,-157.7692692,-36.41740036,3.263225794,28.9310379,28.48220842,30.2052
12:20.2,38.85548794,-157.0923292,-36.58960342,3.062789202,29.47258949,29.00731986,30.1691
12:30.7,39.2438525,-156.4693066,-37.01097107,2.923455238,29.90902901,29.42933291,30.1691
12:41.2,39.66662755,-155.775455,-37.25672913,2.698312044,30.14290237,29.64150337,30.1511
12:51.7,40.0468471,-155.1368187,-37.35872269,2.680101156,30.37823296,29.87743726,30.133
13:02.2,40.46042872,-154.4255228,-37.64966202,2.685960293,30.41257477,29.90801606,30.2592
13:12.7,40.83206956,-153.7708082,-37.93388748,2.448214054,30.71404839,30.18961134,30.2592
13:23.2,41.23597279,-153.0415762,-38.25643158,2.309860468,31.0378933,30.50294812,30.2052
13:33.7,41.59858754,-152.3703325,-38.47587204,2.109104395,31.08709908,30.53490099,30.2592
13:44.1,41.99231038,-151.6226864,-38.7071228,2.05000782,31.36358643,30.80860209,30.2232
13:54.6,42.34543457,-150.9345038,-39.01251984,1.990774155,32.36489105,31.81881259,30.1871
14:05.1,42.7284545,-150.1680063,-39.2969017,1.766091347,32.37799835,31.81441425,30.2592
14:15.6,43.07160662,-149.4625024,-39.63714981,1.773025036,32.68639755,32.12331012,30.2232
14:26.1,43.44338065,-148.6767848,-39.85559464,1.648578405,32.80376816,32.23273835,30.3133
14:36.6,43.7760655,-147.9536317,-39.97291565,1.361471891,33.13619995,32.55592784,30.3494
14:47.1,44.13604379,-147.1483387,-40.2779007,1.15763247,33.32598877,32.73658106,30.2953
14:57.5,44.4577457,-146.4072769,-40.51233673,0.875637949,33.61851883,33.02210189,30.2953
15:08.1,44.80535794,-145.582149,-40.61531067,0.874334455,33.82006454,33.22568157,30.2232
15:18.5,45.11555439,-144.8229598,-40.81628418,0.762248993,33.99921799,33.40226883,30.3494
15:29.0,45.45022,-143.9778059,-41.12726593,0.567797422,34.10731506,33.50379186,30.1871
15:39.5,45.74837483,-143.2003528,-41.29166031,0.50097084,34.26042175,33.65614075,30.2232
15:50.0,46.04060448,-142.4141707,-41.57912064,0.404109955,34.56888199,33.96456663,30.3494
16:00.5,46.35506639,-141.5393054,-41.7461586,0.292252868,34.70074463,34.0951746,30.3314
16:11.0,46.66204241,-140.6538943,-42.09687424,0.002736737,34.90435028,34.29601729,30.3314
16:21.5,46.93447475,-139.8398451,-42.41033554,-0.166307509,35.03487015,34.42469243,30.2232
16:32.0,47.20045939,-139.0171488,-42.64952469,-0.252342284,35.57243729,34.96873527,30.2592
16:42.4,47.4854422,-138.1022313,-42.95029831,-0.076038599,35.61243057,35.00429538,30.4215
16:53.0,47.73747277,-137.261517,-43.29793167,-0.092064731,35.91040802,35.30252043,30.3314
17:03.5,48.00680079,-136.3269422,-43.59244919,-0.17242381,36.19720459,35.59037652,30.2052
17:14.0,48.26769011,-135.3822314,-43.67980576,-0.255639493,36.38456345,35.78019009,30.3674
17:24.5,48.49739962,-134.5147017,-43.93445587,-0.388007581,36.80783844,36.20819057,30.4215
17:35.0,48.71987595,-133.6390305,-44.07295227,-0.432750821,37.11193848,36.51589104,30.3133
17:45.5,48.95609463,-132.6665209,-44.2142868,-0.580740452,37.33232498,36.73997089,30.2953
17:55.9,49.16298448,-131.7741703,-44.40802002,-0.772001982,37.75881958,37.17413648,30.3314
18:06.5,49.3817691,-130.7836836,-44.5956955,-0.664763212,37.92649078,37.33985696,30.3314
18:17.0,49.57254994,-129.875364,-44.68830109,-1.521685004,38.30154419,37.7443441,30.3133
18:27.5,49.77334384,-128.8677745,-45.05203247,-1.397144437,38.60242462,38.04007317,30.3855
18:38.0,49.94752049,-127.9443603,-45.24277496,-1.372847557,39.04149246,38.48220458,30.4035
18:48.5,50.12978068,-126.9206789,-45.3370018,-1.421469569,39.26010895,38.70451819,30.2953
18:58.9,50.28687844,-125.9831534,-45.48257446,-1.279323101,39.5346489,38.97617935,30.3494
19:09.5,50.4501063,-124.9445958,-45.59925461,-1.267285228,39.83235168,39.27623961,30.2592
19:19.9,50.58968464,-123.9941067,-45.76623917,-1.295740724,39.97657776,39.42130736,30.2773
19:30.4,50.73341231,-122.9419707,-46.02410126,-1.373027325,40.08290863,39.52847919,30.4035
19:40.9,50.85506139,-121.9798293,-46.14093018,-1.306718588,40.2253952,39.66924505,30.2232
19:51.4,50.9788654,-120.9156175,-46.30550766,-1.297858357,40.38295746,39.82665165,30.3314
20:01.9,51.08223007,-119.9432035,-46.47379303,-1.24075222,40.90434647,40.35134735,30.2773
20:12.5,51.18573817,-118.8685415,-46.48574448,-1.26985991,41.24124527,40.6935758,30.2412
20:23.1,51.27848189,-117.7890984,-46.5820961,-1.36524713,41.54280853,41.00105785,30.3674
20:33.6,51.35338858,-116.8040485,-46.66002274,-1.509432077,41.86801529,41.33459891,30.3855
20:44.0,51.42537194,-115.7168464,-46.79150391,-1.681563139,42.5873642,42.06803703,30.3494
20:54.5,51.48129411,-114.7256083,-46.67316818,-1.737005234,42.84967804,42.337205,30.2773
21:05.0,51.53228831,-113.6325663,-46.70942307,-1.807718635,43.08642197,42.57931636,30.3674
21:15.5,51.56904838,-112.6368955,-46.68828583,-1.87128377,43.47805786,42.97854037,30.4035
21:26.0,51.59663893,-111.6397562,-46.74362564,-1.797827721,44.02280045,43.5258029,30.2592
21:36.4,51.61637135,-110.5417008,-46.83732986,-1.7940979,44.26550293,43.77003778,30.2412
21:46.9,51.62464612,-109.5428335,-46.96123123,-1.80733192,44.4667778,43.97271365,30.2592
21:57.4,51.62310592,-108.443897,-47.10611725,-1.654572964,44.86749649,44.37030241,30.3314
22:07.9,51.6120376,-107.4451594,-47.15681076,-1.64628005,45.27071381,44.77712536,30.3494
22:18.4,51.58923501,-106.3473978,-47.19107056,-1.504083157,45.46414948,44.96732239,30.2592
22:28.9,51.55885774,-105.3506546,-47.33535767,-1.36152184,45.96225357,45.46479008,30.2953
22:39.4,51.51486449,-104.2560963,-47.3808403,-1.31638062,46.44612122,45.95208585,30.2592
22:49.8,51.46527732,-103.2631849,-47.47161865,-1.34645474,46.62532043,46.13308821,30.4035
23:00.3,51.40023343,-102.1738243,-47.34255219,-1.446841121,46.81231308,46.3264876,30.3674
23:10.8,51.33159686,-101.1865205,-47.30112457,-1.352235556,47.18099594,46.69661438,30.3674
23:21.3,51.24570723,-100.1042838,-47.24367523,-1.107127428,47.24762344,46.75810066,30.3314
23:31.8,51.15823983,-99.12430878,-47.40857315,-1.020694017,47.30293274,46.81026264,30.2773
23:42.3,51.05177425,-98.05103335,-47.30361176,-1.073206067,47.30645752,46.8161199,30.2953
23:52.8,50.94574581,-97.08000584,-47.27678299,-0.968714237,47.58217239,47.09272506,30.3674
24:03.3,50.81903214,-96.01742648,-47.09906387,-1.028818369,47.97616959,47.49391805,30.1871
24:13.8,50.69476368,-95.05686283,-46.9984436,-1.009019852,48.40269852,47.92536803,30.3133
24:24.3,50.54818782,-94.00658464,-47.0859642,-1.074548364,48.51166916,48.0359317,30.3855
24:34.7,50.40604817,-93.05788503,-46.97109985,-0.837602556,48.91677856,48.44152871,30.4035
24:45.2,50.24003359,-92.02136967,-46.86257935,-0.703942716,49.01642227,48.54114346,30.3314
24:55.7,50.08043598,-91.08579768,-46.74248886,-0.651349247,50.10024261,49.63583461,30.2953
25:06.2,49.89545396,-90.06435655,-46.69685745,-0.493465245,50.20856476,49.74380992,30.3494
25:16.7,49.71884235,-89.14303916,-46.41030884,-0.422472179,50.60383987,50.14495771,30.3314
25:27.2,49.51540858,-88.13784022,-46.36185837,-0.32288754,50.69068909,50.23234374,30.2953
25:37.7,49.32226107,-87.23175415,-46.23999405,-0.27324301,50.96474457,50.50979961,30.2773
25:48.2,49.1009083,-86.24380144,-46.21272659,-0.093572937,51.81002045,51.36218695,30.3314
25:58.6,48.89172693,-85.35378681,-46.15760422,0.214315549,52.09926605,51.65483375,30.3314
26:09.2,48.65302548,-84.38392044,-45.9955368,0.290004075,52.28076172,51.83981685,30.4215
26:19.6,48.42833274,-83.51068076,-45.91703415,0.396173209,52.49272156,52.05502604,30.4215
26:30.2,48.17285976,-82.55958374,-45.7087059,0.501361251,52.71881485,52.28590724,30.3133
26:40.6,47.93319184,-81.70367225,-45.48359299,0.584452271,52.96717834,52.53931836,30.3674
26:51.1,47.66154839,-80.77189101,-45.46841049,0.799160659,53.38432312,52.96278129,30.3314
27:01.6,47.4074551,-79.93373118,-45.44763947,0.842146516,53.41027832,52.98980469,30.2232
27:12.2,47.12024565,-79.02165504,-45.25507355,1.025908232,53.50442886,53.08974781,30.2953
27:22.7,46.85227684,-78.20155422,-45.06668091,1.222703338,53.71936798,53.31227644,30.3314
27:33.2,46.55010927,-77.30944955,-45.52762222,1.427562237,54.18273926,53.77991768,30.4395
27:43.7,46.26881817,-76.50758535,-45.30389404,1.577006936,54.61815643,54.22477357,30.1691
27:54.1,45.95230379,-75.63559559,-44.83247757,1.821953177,54.95964432,54.58067002,30.3314
28:04.7,45.65824366,-74.85203628,-44.5684967,2.064909697,55.14547729,54.77881909,30.4035
28:15.2,45.32798352,-74.00018875,-44.27592468,2.116864681,55.40343475,55.04312649,30.2592
28:25.7,45.02170418,-73.2349207,-44.00233078,2.287941217,55.45901108,55.10838642,30.4395
28:36.2,44.67829934,-72.40314709,-43.637146,2.562969923,55.69416428,55.36037936,30.3314
28:46.7,44.36033355,-71.65605417,-43.20243073,2.66810894,55.9153862,55.59178706,30.2953
28:57.2,44.00436799,-70.84418373,-42.95884705,2.782649994,55.85535812,55.5392233,30.3314
29:07.7,43.6752485,-70.11508836,-42.69480133,3.09250927,55.98452377,55.68784171,30.3494
29:18.2,43.30729596,-69.32288204,-42.50215149,3.278226852,56.231987,55.94891404,30.2773
29:28.7,42.96753845,-68.6115315,-42.42139435,3.568684816,56.45205688,56.18851167,30.2953
29:39.2,42.58816242,-67.8386751,-41.90555191,4.086467266,56.97307587,56.75143202,30.4035
29:49.7,42.23826549,-67.14474837,-41.59153366,4.385003567,56.99774551,56.80122988,30.3855
30:00.2,41.84800555,-66.39087307,-41.35118103,4.522344589,57.08382034,56.90046542,30.2953
30:10.7,41.48846098,-65.71402182,-41.3044281,4.57730341,57.36836243,57.19070104,30.3133
30:21.2,41.08784648,-64.97870414,-40.94154358,4.938239574,57.44429016,57.30000994,30.3855
30:31.7,40.71912213,-64.31852538,-40.59523773,5.141682625,57.49210739,57.36884237,30.3314
30:42.2,40.30866192,-63.6013077,-40.29665756,5.246838093,57.82907486,57.71858064,30.3494
30:52.7,39.931212,-62.95735747,-40.05854034,5.449459553,58.05344009,57.96412663,30.2592
31:03.2,39.51139784,-62.25775485,-39.72278214,5.801970005,57.93908691,57.88676763,30.3494
31:13.7,39.12565949,-61.62957552,-39.39883804,5.963927269,58.13680267,58.10385026,30.2773
31:24.2,38.69696267,-60.94706204,-39.69605637,6.378190041,58.14189148,58.15036368,30.2953
31:34.6,38.30335594,-60.3341755,-39.32022095,6.50274992,58.36929703,58.39469472,30.4215
31:45.1,37.86623066,-59.66821157,-38.94634247,6.917143822,58.47983932,58.55588906,30.4035
31:55.6,37.46516196,-59.07011923,-38.36859894,7.431862831,58.15788651,58.30269075,30.3133
32:06.1,37.02004194,-58.42014476,-37.80901718,7.717111588,58.2633667,58.44967659,30.2412
32:16.6,36.61189374,-57.83634117,-37.56929398,8.027259827,58.33712769,58.56695376,30.2953
32:27.1,36.15919564,-57.20179953,-37.08400345,8.309772491,58.64969254,58.92159833,30.3133
32:37.6,35.74434019,-56.63176901,-36.81002808,8.594714165,58.60606003,58.92138284,30.3314
32:48.0,35.28446014,-56.01209327,-36.44232559,8.89899826,58.7021904,59.06519281,30.3674
32:58.5,34.86325262,-55.45531332,-36.13967514,9.226668358,58.8324585,59.24736202,30.2592
33:09.0,34.3965697,-54.84993658,-35.92217636,9.529066086,58.79057693,59.25548802,30.2592
33:19.5,33.96934478,-54.30589494,-35.70748901,9.871630669,58.8216362,59.34413609,30.2232
33:30.0,33.49622441,-53.71424346,-35.27824783,9.916257858,58.93123245,59.46380479,30.3494
33:40.5,33.06330653,-53.18242786,-34.71897125,10.11795235,58.99867249,59.56926509,30.2592
33:50.9,32.62778634,-52.65625058,-34.2677536,10.55008602,58.94703293,59.59688962,30.3133
34:01.4,32.14579014,-52.08383633,-33.88760757,11.21625614,59.05976868,59.83287617,30.2232
34:12.0,31.66081597,-51.51795515,-33.52403641,11.5344429,59.06560135,59.90212517,30.2773
34:22.5,31.21742058,-51.00906167,-33.06395721,11.85435104,59.00951767,59.91314428,30.2052
34:33.0,30.77169951,-50.5053318,-32.61238861,11.9673605,59.22638702,60.15289061,30.2773
34:43.4,30.27879208,-49.95706227,-32.30734253,12.14869308,59.41877747,60.38107747,30.2773
34:53.9,29.8283855,-49.46381333,-31.90964317,12.46675301,59.40429688,60.43493009,30.3133
35:04.5,29.33047154,-48.92680678,-31.45797539,12.90446091,59.64035416,60.76215088,30.3133
35:15.0,28.87564241,-48.44356065,-30.98256493,13.26499557,59.58744431,60.79178449,30.3855
35:25.4,28.37300367,-47.91729458,-30.49708748,13.60373306,59.18682098,60.47846099,30.2773
35:35.9,27.9140013,-47.44357656,-30.08415031,13.97485542,59.1704483,60.55042846,30.2232
35:46.4,27.40690415,-46.92753528,-29.68561554,14.13485336,59.36857605,60.78434244,30.1691
35:56.9,26.94396588,-46.46288775,-29.31326485,14.2619381,59.570755,61.01446112,30.2773
36:07.4,26.43266475,-45.95657266,-28.90015602,14.83077145,59.38162613,60.96908354,30.3133
36:17.9,25.96601769,-45.50054142,-28.52652931,15.25048733,59.52251053,61.21258117,30.2773
36:28.4,25.45075846,-45.00346757,-28.08819771,15.59599113,59.47961807,61.26150266,30.2773
36:38.9,24.98061946,-44.55561548,-27.58463287,15.99446487,59.34586334,61.23862972,30.2592
36:49.3,24.46163437,-44.06729794,-27.08342361,16.24973869,59.2667923,61.23335082,30.2773
36:59.8,23.98821176,-43.62719812,-26.75080299,16.57954216,59.00730133,61.07366065,30.3314
37:10.4,23.46572278,-43.14717925,-26.41231346,16.83126259,58.73535919,60.88285067,30.2412
37:20.8,22.98921463,-42.71441847,-26.092453,17.16668892,58.67477036,60.92069789,30.2412
37:31.3,22.46343692,-42.24224407,-25.53437042,17.50364304,58.7091217,61.05410814,30.3494
37:41.8,21.98403277,-41.8164091,-25.08829498,17.75056839,58.76957321,61.1870666,30.2232
37:52.3,21.45517122,-41.35164205,-24.59743309,18.00232124,58.88058853,61.37108312,30.3494
38:02.8,20.97305207,-40.93234356,-24.27886772,18.3293457,58.78824234,61.38194754,30.3314
38:13.3,20.44130136,-40.47455013,-23.82744408,18.73987389,58.84112167,61.55999536,30.3133
38:23.8,19.95664308,-40.06140565,-23.29265594,18.94221306,58.74843216,61.53773688,30.3133
38:34.2,19.42219274,-39.61017262,-22.83739853,19.08190155,58.43154907,61.28235876,30.1511
38:44.7,18.93516268,-39.20280648,-22.26519203,19.51753616,58.16345978,61.16908598,30.2953
38:55.2,18.39819199,-38.75772745,-21.98504829,19.76572609,58.41668701,61.49152951,30.3133
39:05.7,17.90895066,-38.35577081,-21.48178291,19.99020195,58.04192352,61.21267252,30.3494
39:16.2,17.36963551,-37.91644963,-20.98335457,20.33106422,57.98467636,61.27472163,30.2592
39:26.7,16.87834001,-37.51955417,-20.47034645,20.55689621,57.97537613,61.34541444,30.2592
39:37.2,16.33684773,-37.08560493,-19.93020058,20.75889969,57.74972153,61.20483684,30.2412
39:47.6,15.8436466,-36.6934223,-19.40587425,20.78357124,57.67823029,61.15005485,30.3314
39:58.1,15.30013771,-36.26446934,-19.06519318,21.10904694,57.53210449,61.12666944,30.3133
40:08.6,14.8051761,-35.87665803,-18.58149529,21.5130024,57.37720108,61.1258618,30.115
40:19.1,14.25980855,-35.45233253,-17.96584702,21.8215332,57.26622009,61.13618755,30.2232
40:29.5,13.76322733,-35.06856469,-17.73653984,22.12276268,57.2219429,61.20482692,30.2412
40:40.0,13.21615223,-34.64850806,-17.27811432,22.39887428,57.29097748,61.37334564,30.2592
40:50.5,12.7180863,-34.26845925,-16.74148941,22.67468834,57.01337433,61.22029773,30.0609
41:01.0,12.21935869,-33.8900736,-16.14214897,23.02214432,56.90076065,61.25009014,30.2773
41:11.5,11.67003133,-33.4756792,-15.55925751,23.19129753,56.88647461,61.30536695,30.2592
41:21.9,11.17001282,-33.10054813,-14.88083553,23.56632042,56.72907639,61.30806415,30.2412
41:32.4,10.6193348,-32.68956541,-14.52547169,24.00506401,56.36166763,61.14209029,30.1511
41:42.9,10.11815174,-32.31738157,-14.11536312,24.11147499,56.20627213,61.04418801,30.1511
41:53.3,9.566260499,-31.90947584,-13.72862148,24.23023033,55.86825943,60.78353274,30.3133
42:03.9,9.064035835,-31.53994212,-13.15749264,24.4223423,55.76818466,60.77321557,30.2412
42:14.3,8.511066281,-31.13478212,-12.55485249,24.76085854,55.37634659,60.55646146,30.2232
42:24.8,8.00792125,-30.76759798,-12.00389194,24.97956467,55.18710709,60.47802533,30.3314
42:35.3,7.454004861,-30.36486271,-11.42277622,25.16437721,54.83823395,60.24163848,30.2592
42:45.8,6.950057282,-29.99973446,-10.97172165,25.46448517,54.59185028,60.14763836,30.2232
42:56.2,6.395322552,-29.5991063,-10.31989765,25.74019623,54.26561737,59.97495338,30.2412
43:06.7,5.890688966,-29.23574706,-10.02524376,25.98615646,54.14709854,59.97635671,30.3133
43:17.2,5.335263105,-28.83690841,-9.572863579,26.24171829,54.06824875,60.02025023,30.3494
43:27.7,4.830058345,-28.47503133,-9.247649193,26.57114601,53.8560791,59.97712403,30.2953
43:38.2,4.274065578,-28.077668,-8.829999924,26.72171593,53.03736877,59.31426969,30.3494
43:48.7,3.768402342,-27.71699474,-7.931404114,26.78694153,53.00701141,59.3241274,30.2232
43:59.1,3.211967107,-27.32079937,-7.54282093,27.04108429,53.00731277,59.44285177,30.3494
44:09.7,2.705957025,-26.96104818,-7.198485374,27.17703438,52.76782227,59.29448354,30.3855
44:20.1,2.149201198,-26.56571342,-6.721775055,27.51436234,52.43651199,59.16000465,30.3133
44:30.6,1.642954941,-26.20660427,-6.36195755,27.69986343,52.21706009,59.05541331,30.1871
44:41.1,1.085999971,-25.81182446,-6.022927761,27.99952507,52.09072113,59.08801659,30.3314
44:51.6,0.579627782,-25.45308243,-5.782698154,27.91396141,51.6325531,58.64577635,30.3674
45:02.0,0.022594604,-25.05855192,-5.319167614,28.15688705,51.35174179,58.51916358,30.4395
45:12.6,-0.483793932,-24.6999004,-4.895747662,28.09762573,50.88454056,58.08457017,30.3133
45:23.0,-1.040784866,-24.30531866,-4.403936863,28.22313309,50.36931229,57.69929744,30.3855
45:33.5,-1.547080109,-23.94647931,-3.913160086,28.25425529,50.03593445,57.42808127,30.3314
45:44.0,-2.053292322,-23.58745553,-3.483104944,28.27850914,49.80129623,57.23949756,30.3855
45:54.4,-2.610000337,-23.19223859,-3.018638134,28.30676079,49.82918167,57.28177209,30.2773
46:04.9,-3.115957059,-22.83261889,-2.636698008,28.39203262,49.58494568,57.11512634,30.2773
46:15.4,-3.672323351,-22.43659598,-2.25029707,28.58884048,49.34251404,57.00662413,30.2592
46:25.9,-4.177914017,-22.07610372,-1.588844061,28.66263199,49.03342056,56.78233846,30.2953
46:36.3,-4.73381671,-21.67896749,-1.15738678,28.80784225,48.71327209,56.5837191,30.3674
46:46.8,-5.238930117,-21.31732264,-1.02933085,28.79739189,48.50719452,56.40220181,30.4395
46:57.3,-5.794245841,-20.91876402,-0.770432293,29.71191406,48.04293442,56.4814213,30.4395
47:07.8,-6.29876929,-20.55568483,-0.498385757,29.57440186,47.77450943,56.18318797,30.2953
47:18.2,-6.85337382,-20.15539134,-0.155190825,29.34479141,47.37797165,55.72821359,30.3133
47:28.7,-7.35719376,-19.79059436,0.12370424,29.25610733,47.29656219,55.61482101,30.2592
47:39.2,-7.910959884,-19.38825353,0.436510652,29.20680618,47.10081482,55.42527217,30.3855
47:49.7,-8.413960628,-19.02145188,0.828451693,29.29597855,46.60579681,55.05618137,30.4576
48:00.1,-8.966761135,-18.61674438,1.203525782,29.16899681,46.26885223,54.70686052,30.2052
48:10.7,-9.468823581,-18.24764267,1.618111849,29.13840294,46.19389343,54.63094753,30.3133
48:21.2,-10.02052784,-17.8402475,1.917717814,28.97972679,45.94668198,54.34003927,30.2412
48:31.6,-10.52153332,-17.46855373,2.148215532,28.89269257,45.6443367,54.04018294,30.2953
48:42.1,-11.07200729,-17.05813961,2.375355244,28.76020622,45.48244858,53.83472807,30.3855
48:52.6,-11.571832,-16.68355326,2.637870312,28.73197365,45.34194183,53.7034065,30.2953
49:03.1,-12.12093908,-16.26978893,2.911118507,28.77106094,45.03657913,53.46941674,30.2773
49:13.6,-12.61945836,-15.89200263,3.107124567,28.65006828,44.93081284,53.31708431,30.2953
49:24.1,-13.16705854,-15.47455001,3.258129358,28.64931297,44.79818344,53.20637652,30.2412
49:34.5,-13.66414348,-15.09325299,3.558955908,28.72518921,44.6280632,53.10705675,30.3674
49:45.0,-14.21009245,-14.67176372,3.81815052,28.66734123,44.47100449,52.94624485,30.3314
49:55.5,-14.70561073,-14.28663839,4.110479355,28.6824131,44.15491486,52.69200894,30.2592
50:06.0,-15.24975994,-13.86075987,4.340648174,28.58747673,43.89349365,52.42349911,30.3674
50:16.5,-15.74357238,-13.47148092,4.336626053,28.3847332,43.6560173,52.11408209,30.3674
50:27.0,-16.23652591,-13.08010767,4.393769264,28.26125526,43.41973114,51.84944909,30.3314
50:37.5,-16.77773986,-12.64708733,4.730653763,28.38370323,43.21759796,51.75061388,30.1691
50:48.0,-17.26877752,-12.25106784,4.83299017,28.56339645,42.92476654,51.60655181,30.3314
50:58.5,-17.80780581,-11.81274814,4.972718716,28.65596771,42.56978607,51.36461711,30.2232
51:09.0,-18.29678076,-11.41173834,5.241624832,28.6033802,42.40831757,51.20410513,30.2773
51:19.5,-18.83345604,-10.96773592,5.521639347,28.59495926,42.02943039,50.88876451,30.2052
51:29.9,-19.3202146,-10.56138235,5.730037212,28.65554237,41.89688492,50.81554006,30.2232
51:40.4,-19.85436442,-10.11130533,5.741738319,28.53239632,41.52271271,50.4378335,30.4035
51:50.9,-20.33874777,-9.699246843,5.883158207,28.34179306,41.22374344,50.08530139,30.1691
52:01.4,-20.87019455,-9.24269224,5.924649239,28.25799942,40.97696304,49.83523533,30.2953
52:11.9,-21.35203536,-8.82455745,6.133813381,28.36935616,40.58372879,49.57815269,30.3133
52:22.4,-21.88059126,-8.361109478,6.3985672,28.20280838,40.46813583,49.39096057,30.2052
52:32.8,-22.35971879,-7.936517599,6.615545273,28.27275848,40.25231171,49.25660377,30.3314
52:43.3,-22.88519256,-7.46575364,6.616950035,28.12822533,40.11697388,49.0630778,30.1511
52:53.8,-23.36142408,-7.034312788,6.736911774,28.15190887,39.96079254,48.95029955,30.2592
53:04.3,-23.88361083,-6.555795285,6.644436836,28.03759956,40.07365036,48.9760031,30.3314
53:14.8,-24.35676194,-6.11710376,6.773014069,28.06194305,40.03950119,48.96332625,30.1511
53:25.3,-24.87545333,-5.630384907,6.850632668,27.77224731,39.87916183,48.66719534,30.1511
53:35.7,-25.34532595,-5.18402991,7.037112713,27.6910305,39.69086075,48.46849193,30.2412